ID,is_correct
0,1
1,0
2,1
3,1
4,0
5,0
6,0
7,0
8,1
9,0
10,0
11,0
12,0
13,0
14,1
15,1
16,0
17,0
18,1
19,0
20,0
21,1
22,0
23,0
24,1
25,1
26,0
27,0
28,0
29,1
30,1
31,0
32,0
33,0
34,0
35,1
36,0
37,1
38,1
39,0
40,1
41,1
42,1
43,1
44,1
45,0
46,1
47,0
48,0
49,1
50,0
51,1
52,0
53,0
54,0
55,0
56,1
57,1
58,1
59,0
60,0
61,1
62,1
63,0
64,1
65,1
66,0
67,0
68,1
69,0
70,0
71,1
72,0
73,1
74,0
75,1
76,0
77,0
78,0
79,1
80,0
81,1
82,1
83,0
84,1
85,0
86,1
87,0
88,0
89,0
90,0
91,1
92,1
93,1
94,1
95,1
96,1
97,1
98,0
99,0
100,1
101,1
102,0
103,0
104,1
105,0
106,1
107,0
108,1
109,0
110,1
111,1
112,1
113,1
114,1
115,1
116,1
117,1
118,1
119,0
120,1
121,1
122,0
123,1
124,1
125,0
126,0
127,0
128,0
129,1
130,1
131,1
132,0
133,0
134,0
135,1
136,1
137,1
138,0
139,0
140,1
141,0
142,1
143,1
144,0
145,1
146,1
147,0
148,0
149,0
150,1
151,1
152,0
153,1
154,1
155,1
156,0
157,1
158,0
159,1
160,0
161,1
162,1
163,0
164,1
165,1
166,0
167,1
168,0
169,0
170,0
171,1
172,0
173,1
174,1
175,1
176,1
177,0
178,1
179,1
180,1
181,0
182,0
183,1
184,0
185,1
186,1
187,0
188,1
189,1
190,1
191,1
192,1
193,1
194,0
195,0
196,0
197,1
198,0
199,1
200,0
201,0
202,0
203,0
204,1
205,0
206,0
207,0
208,1
209,0
210,1
211,1
212,1
213,0
214,1
215,1
216,0
217,0
218,0
219,1
220,1
221,1
222,0
223,1
224,0
225,0
226,0
227,1
228,1
229,0
230,0
231,0
232,0
233,1
234,0
235,0
236,0
237,0
238,0
239,1
240,0
241,0
242,1
243,1
244,1
245,1
246,1
247,0
248,0
249,1
250,0
251,0
252,1
253,1
254,0
255,1
256,0
257,0
258,1
259,0
260,1
261,1
262,1
263,0
264,1
265,0
266,0
267,1
268,1
269,0
270,0
271,0
272,0
273,0
274,1
275,1
276,0
277,1
278,1
279,1
280,0
281,0
282,1
283,1
284,1
285,0
286,1
287,0
288,1
289,1
290,1
291,1
292,0
293,1
294,0
295,0
296,1
297,1
298,0
299,1
300,0
301,0
302,0
303,1
304,1
305,0
306,0
307,0
308,1
309,1
310,0
311,1
312,1
313,1
314,0
315,1
316,0
317,1
318,0
319,0
320,0
321,0
322,1
323,0
324,0
325,0
326,1
327,0
328,1
329,1
330,0
331,1
332,0
333,1
334,1
335,0
336,1
337,1
338,0
339,1
340,0
341,0
342,0
343,1
344,1
345,1
346,1
347,0
348,0
349,0
350,0
351,1
352,1
353,0
354,0
355,0
356,0
357,0
358,1
359,0
360,1
361,1
362,1
363,1
364,0
365,0
366,0
367,1
368,0
369,1
370,1
371,0
372,0
373,0
374,1
375,1
376,0
377,0
378,0
379,1
380,1
381,1
382,1
383,0
384,0
385,0
386,1
387,0
388,0
389,0
390,1
391,0
392,0
393,0
394,1
395,1
396,0
397,1
398,1
399,0
400,0
401,1
402,1
403,1
404,0
405,0
406,1
407,1
408,0
409,1
410,1
411,1
412,0
413,0
414,0
415,0
416,0
417,0
418,0
419,1
420,1
421,1
422,1
423,1
424,0
425,0
426,1
427,0
428,1
429,1
430,1
431,1
432,0
433,0
434,0
435,0
436,1
437,1
438,0
439,0
440,1
441,0
442,0
443,1
444,1
445,1
446,1
447,0
448,1
449,1
450,1
451,1
452,0
453,0
454,1
455,0
456,0
457,1
458,1
459,0
460,1
461,1
462,0
463,1
464,1
465,0
466,1
467,1
468,1
469,0
470,0
471,1
472,1
473,1
474,0
475,0
476,1
477,1
478,1
479,0
480,1
481,0
482,0
483,1
484,0
485,0
486,1
487,0
488,1
489,0
490,0
491,0
492,0
493,1
494,1
495,0
496,1
497,1
498,0
499,1
500,0
501,0
502,1
503,1
504,1
505,1
506,0
507,1
508,0
509,0
510,1
511,0
512,0
513,1
514,1
515,1
516,1
517,0
518,1
519,1
520,1
521,0
522,1
523,0
524,1
525,0
526,1
527,0
528,1
529,0
530,0
531,0
532,1
533,0
534,0
535,0
536,0
537,1
538,1
539,0
540,1
541,1
542,1
543,1
544,0
545,0
546,1
547,1
548,1
549,1
550,1
551,1
552,1
553,0
554,1
555,0
556,1
557,1
558,1
559,1
560,1
561,0
562,0
563,0
564,1
565,0
566,1
567,1
568,1
569,0
570,1
571,0
572,1
573,1
574,0
575,1
576,1
577,1
578,0
579,0
580,1
581,1
582,0
583,0
584,1
585,1
586,0
587,1
588,0
589,1
590,0
591,1
592,1
593,1
594,1
595,1
596,0
597,1
598,0
599,1
600,1
601,1
602,1
603,1
604,0
605,0
606,1
607,0
608,0
609,0
610,1
611,1
612,0
613,1
614,1
615,1
616,0
617,1
618,1
619,0
620,1
621,0
622,0
623,0
624,0
625,0
626,0
627,1
628,1
629,0
630,0
631,0
632,0
633,1
634,1
635,1
636,1
637,0
638,0
639,1
640,0
641,1
642,1
643,0
644,1
645,1
646,1
647,1
648,0
649,1
650,0
651,1
652,0
653,1
654,1
655,1
656,1
657,1
658,1
659,0
660,1
661,1
662,0
663,0
664,0
665,0
666,0
667,1
668,1
669,0
670,1
671,0
672,1
673,0
674,1
675,0
676,1
677,1
678,0
679,0
680,0
681,1
682,1
683,0
684,0
685,1
686,0
687,1
688,1
689,0
690,0
691,1
692,0
693,0
694,1
695,0
696,0
697,0
698,1
699,1
700,1
701,1
702,1
703,1
704,1
705,0
706,0
707,1
708,1
709,1
710,1
711,0
712,0
713,0
714,1
715,0
716,0
717,0
718,1
719,1
720,0
721,0
722,1
723,1
724,0
725,1
726,0
727,1
728,1
729,0
730,0
731,0
732,1
733,0
734,0
735,0
736,0
737,1
738,1
739,0
740,1
741,1
742,0
743,1
744,1
745,1
746,1
747,0
748,0
749,1
750,0
751,1
752,0
753,1
754,1
755,0
756,0
757,1
758,1
759,1
760,0
761,0
762,1
763,0
764,0
765,1
766,1
767,0
768,0
769,0
770,1
771,1
772,1
773,0
774,0
775,1
776,1
777,0
778,0
779,0
780,1
781,0
782,0
783,1
784,0
785,1
786,0
787,0
788,1
789,0
790,1
791,1
792,1
793,1
794,1
795,0
796,1
797,0
798,1
799,0
800,1
801,0
802,0
803,1
804,1
805,0
806,0
807,1
808,1
809,1
810,0
811,1
812,0
813,1
814,0
815,1
816,0
817,1
818,0
819,0
820,0
821,1
822,1
823,1
824,0
825,0
826,1
827,1
828,1
829,0
830,0
831,1
832,0
833,0
834,0
835,1
836,0
837,1
838,1
839,0
840,1
841,1
842,1
843,0
844,1
845,0
846,1
847,0
848,1
849,0
850,1
851,1
852,0
853,1
854,1
855,0
856,0
857,0
858,0
859,0
860,0
861,0
862,1
863,0
864,1
865,1
866,1
867,0
868,0
869,1
870,1
871,0
872,1
873,1
874,0
875,1
876,0
877,1
878,0
879,1
880,1
881,0
882,1
883,1
884,0
885,1
886,1
887,0
888,1
889,1
890,1
891,0
892,0
893,1
894,1
895,1
896,0
897,1
898,1
899,1
900,0
901,1
902,0
903,1
904,1
905,0
906,1
907,0
908,0
909,1
910,1
911,0
912,1
913,0
914,1
915,1
916,1
917,0
918,1
919,0
920,1
921,1
922,0
923,0
924,0
925,1
926,1
927,1
928,1
929,0
930,0
931,1
932,1
933,0
934,0
935,1
936,0
937,1
938,1
939,1
940,1
941,0
942,0
943,0
944,1
945,1
946,0
947,1
948,1
949,0
950,0
951,1
952,1
953,1
954,1
955,1
956,0
957,0
958,1
959,1
960,1
961,0
962,1
963,1
964,0
965,0
966,0
967,1
968,0
969,0
970,1
971,0
972,0
973,1
974,0
975,0
976,0
977,1
978,0
979,1
980,0
981,0
982,0
983,0
984,0
985,1
986,1
987,0
988,1
989,0
990,1
991,1
992,1
993,1
994,0
995,1
996,0
997,1
998,0
999,0
1000,0
1001,1
1002,1
1003,0
1004,1
1005,0
1006,1
1007,0
1008,1
1009,1
1010,0
1011,1
1012,1
1013,1
1014,0
1015,0
1016,1
1017,1
1018,1
1019,1
1020,0
1021,1
1022,1
1023,1
1024,1
1025,1
1026,0
1027,1
1028,0
1029,1
1030,0
1031,1
1032,1
1033,0
1034,0
1035,0
1036,1
1037,0
1038,1
1039,1
1040,0
1041,0
1042,1
1043,0
1044,0
1045,1
1046,1
1047,0
1048,0
1049,0
1050,1
1051,0
1052,0
1053,1
1054,1
1055,0
1056,0
1057,0
1058,1
1059,0
1060,0
1061,0
1062,0
1063,0
1064,0
1065,1
1066,0
1067,1
1068,1
1069,1
1070,1
1071,0
1072,0
1073,1
1074,0
1075,0
1076,0
1077,1
1078,1
1079,1
1080,1
1081,1
1082,1
1083,0
1084,0
1085,1
1086,1
1087,0
1088,1
1089,0
1090,0
1091,1
1092,0
1093,0
1094,0
1095,0
1096,0
1097,1
1098,0
1099,0
1100,1
1101,1
1102,0
1103,1
1104,0
1105,0
1106,0
1107,0
1108,1
1109,0
1110,1
1111,0
1112,1
1113,0
1114,1
1115,1
1116,1
1117,1
1118,1
1119,1
1120,1
1121,1
1122,1
1123,1
1124,1
1125,0
1126,0
1127,0
1128,0
1129,0
1130,0
1131,0
1132,1
1133,0
1134,1
1135,1
1136,1
1137,0
1138,1
1139,0
1140,0
1141,1
1142,0
1143,0
1144,0
1145,1
1146,1
1147,0
1148,1
1149,1
1150,0
1151,1
1152,1
1153,0
1154,1
1155,0
1156,1
1157,0
1158,1
1159,1
1160,1
1161,0
1162,1
1163,0
1164,0
1165,1
1166,0
1167,0
1168,0
1169,0
1170,0
1171,1
1172,1
1173,1
1174,0
1175,1
1176,1
1177,0
1178,1
1179,0
1180,1
1181,0
1182,1
1183,0
1184,1
1185,1
1186,0
1187,0
1188,0
1189,0
1190,1
1191,1
1192,0
1193,1
1194,1
1195,1
1196,1
1197,1
1198,1
1199,0
1200,1
1201,0
1202,1
1203,1
1204,0
1205,1
1206,1
1207,0
1208,1
1209,1
1210,1
1211,1
1212,1
1213,1
1214,0
1215,1
1216,1
1217,1
1218,1
1219,0
1220,0
1221,0
1222,0
1223,1
1224,0
1225,1
1226,0
1227,0
1228,1
1229,1
1230,0
1231,1
1232,1
1233,0
1234,1
1235,1
1236,1
1237,0
1238,1
1239,1
1240,1
1241,0
1242,1
1243,1
1244,0
1245,1
1246,1
1247,0
1248,1
1249,1
1250,0
1251,0
1252,1
1253,1
1254,1
1255,0
1256,1
1257,1
1258,0
1259,0
1260,0
1261,0
1262,1
1263,1
1264,1
1265,0
1266,0
1267,1
1268,0
1269,1
1270,0
1271,0
1272,0
1273,0
1274,0
1275,0
1276,1
1277,1
1278,0
1279,0
1280,0
1281,0
1282,0
1283,1
1284,1
1285,1
1286,1
1287,1
1288,1
1289,0
1290,0
1291,1
1292,0
1293,1
1294,1
1295,1
1296,0
1297,0
1298,0
1299,0
1300,0
1301,1
1302,0
1303,0
1304,0
1305,0
1306,1
1307,1
1308,1
1309,1
1310,0
1311,1
1312,1
1313,0
1314,0
1315,0
1316,1
1317,0
1318,1
1319,0
1320,0
1321,1
1322,1
1323,1
1324,1
1325,0
1326,0
1327,0
1328,1
1329,1
1330,1
1331,1
1332,0
1333,1
1334,1
1335,0
1336,0
1337,1
1338,1
1339,1
1340,1
1341,0
1342,1
1343,1
1344,0
1345,0
1346,1
1347,0
1348,1
1349,1
1350,0
1351,1
1352,0
1353,0
1354,1
1355,1
1356,0
1357,0
1358,1
1359,1
1360,0
1361,0
1362,1
1363,1
1364,0
1365,1
1366,1
1367,0
1368,0
1369,1
1370,1
1371,0
1372,1
1373,1
1374,0
1375,1
1376,1
1377,1
1378,1
1379,1
1380,0
1381,0
1382,0
1383,0
1384,1
1385,1
1386,1
1387,0
1388,0
1389,1
1390,0
1391,1
1392,0
1393,1
1394,0
1395,0
1396,1
1397,0
1398,1
1399,1
1400,0
1401,0
1402,1
1403,0
1404,1
1405,0
1406,1
1407,1
1408,1
1409,1
1410,1
1411,1
1412,1
1413,0
1414,0
1415,0
1416,1
1417,1
1418,0
1419,0
1420,1
1421,0
1422,1
1423,1
1424,0
1425,0
1426,1
1427,1
1428,0
1429,1
1430,1
1431,1
1432,1
1433,0
1434,1
1435,1
1436,1
1437,1
1438,1
1439,1
1440,1
1441,0
1442,1
1443,0
1444,0
1445,0
1446,0
1447,0
1448,0
1449,0
1450,1
1451,0
1452,1
1453,1
1454,1
1455,0
1456,0
1457,0
1458,1
1459,1
1460,1
1461,0
1462,1
1463,1
1464,1
1465,1
1466,0
1467,1
1468,1
1469,1
1470,0
1471,0
1472,1
1473,0
1474,0
1475,1
1476,0
1477,1
1478,0
1479,0
1480,0
1481,1
1482,1
1483,0
1484,1
1485,1
1486,1
1487,0
1488,1
1489,0
1490,1
1491,1
1492,0
1493,0
1494,1
1495,1
1496,1
1497,1
1498,1
1499,1
1500,1
1501,1
1502,1
1503,1
1504,1
1505,0
1506,0
1507,1
1508,0
1509,0
1510,0
1511,1
1512,0
1513,1
1514,0
1515,1
1516,0
1517,0
1518,0
1519,0
1520,0
1521,0
1522,0
1523,1
1524,0
1525,1
1526,1
1527,0
1528,1
1529,1
1530,1
1531,0
1532,1
1533,1
1534,1
1535,1
1536,1
1537,0
1538,1
1539,1
1540,1
1541,1
1542,1
1543,0
1544,0
1545,0
1546,1
1547,1
1548,0
1549,1
1550,0
1551,1
1552,1
1553,0
1554,0
1555,1
1556,1
1557,1
1558,1
1559,0
1560,1
1561,0
1562,1
1563,1
1564,1
1565,0
1566,1
1567,0
1568,1
1569,0
1570,0
1571,1
1572,0
1573,0
1574,1
1575,1
1576,1
1577,1
1578,0
1579,1
1580,0
1581,0
1582,0
1583,0
1584,1
1585,1
1586,1
1587,1
1588,1
1589,0
1590,0
1591,0
1592,1
1593,0
1594,0
1595,1
1596,1
1597,1
1598,0
1599,0
1600,0
1601,1
1602,0
1603,0
1604,1
1605,0
1606,1
1607,0
1608,1
1609,1
1610,1
1611,0
1612,0
1613,1
1614,0
1615,1
1616,1
1617,0
1618,1
1619,0
1620,0
1621,0
1622,1
1623,0
1624,1
1625,1
1626,0
1627,1
1628,1
1629,0
1630,1
1631,1
1632,0
1633,0
1634,0
1635,0
1636,0
1637,0
1638,0
1639,1
1640,0
1641,0
1642,1
1643,0
1644,0
1645,1
1646,1
1647,0
1648,0
1649,0
1650,0
1651,0
1652,0
1653,1
1654,0
1655,1
1656,1
1657,0
1658,1
1659,1
1660,0
1661,0
1662,1
1663,1
1664,1
1665,1
1666,1
1667,1
1668,0
1669,0
1670,0
1671,0
1672,0
1673,1
1674,1
1675,1
1676,1
1677,0
1678,0
1679,1
1680,0
1681,0
1682,0
1683,1
1684,0
1685,1
1686,0
1687,0
1688,0
1689,1
1690,0
1691,0
1692,1
1693,0
1694,1
1695,1
1696,1
1697,1
1698,0
1699,0
1700,1
1701,0
1702,1
1703,1
1704,0
1705,0
1706,1
1707,0
1708,0
1709,0
1710,1
1711,0
1712,0
1713,1
1714,0
1715,0
1716,1
1717,0
1718,1
1719,0
1720,0
1721,1
1722,0
1723,1
1724,1
1725,1
1726,1
1727,1
1728,0
1729,0
1730,1
1731,1
1732,1
1733,0
1734,1
1735,1
1736,0
1737,0
1738,1
1739,0
1740,0
1741,0
1742,0
1743,0
1744,1
1745,1
1746,1
1747,1
1748,1
1749,1
1750,0
1751,1
1752,1
1753,1
1754,0
1755,0
1756,0
1757,0
1758,1
1759,1
1760,0
1761,0
1762,0
1763,1
1764,0
1765,0
1766,0
1767,0
1768,0
1769,0
1770,0
1771,0
1772,1
1773,0
1774,0
1775,1
1776,1
1777,0
1778,1
1779,1
1780,0
1781,1
1782,0
1783,1
1784,0
1785,0
1786,1
1787,0
1788,1
1789,0
1790,1
1791,1
1792,0
1793,1
1794,0
1795,0
1796,0
1797,0
1798,1
1799,1
1800,1
1801,0
1802,0
1803,0
1804,1
1805,0
1806,0
1807,0
1808,0
1809,0
1810,1
1811,0
1812,0
1813,1
1814,1
1815,1
1816,1
1817,1
1818,0
1819,1
1820,1
1821,0
1822,1
1823,1
1824,0
1825,0
1826,0
1827,0
1828,0
1829,0
1830,0
1831,0
1832,1
1833,1
1834,1
1835,0
1836,1
1837,0
1838,0
1839,0
1840,1
1841,1
1842,0
1843,1
1844,0
1845,0
1846,0
1847,0
1848,1
1849,0
1850,0
1851,0
1852,0
1853,1
1854,1
1855,1
1856,0
1857,0
1858,1
1859,0
1860,1
1861,0
1862,0
1863,1
1864,1
1865,1
1866,1
1867,1
1868,0
1869,0
1870,1
1871,0
1872,0
1873,0
1874,0
1875,0
1876,1
1877,1
1878,0
1879,1
1880,0
1881,1
1882,0
1883,0
1884,1
1885,1
1886,1
1887,0
1888,1
1889,0
1890,0
1891,0
1892,0
1893,1
1894,1
1895,0
1896,1
1897,1
1898,0
1899,0
1900,0
1901,0
1902,0
1903,1
1904,0
1905,1
1906,1
1907,0
1908,1
1909,1
1910,0
1911,1
1912,0
1913,1
1914,0
1915,0
1916,0
1917,0
1918,1
1919,1
1920,1
1921,0
1922,1
1923,0
1924,1
1925,0
1926,1
1927,0
1928,1
1929,1
1930,1
1931,1
1932,1
1933,0
1934,0
1935,1
1936,1
1937,1
1938,0
1939,1
1940,1
1941,0
1942,1
1943,1
1944,1
1945,1
1946,0
1947,1
1948,1
1949,1
1950,0
1951,0
1952,1
1953,1
1954,0
1955,1
1956,0
1957,1
1958,1
1959,1
1960,0
1961,0
1962,1
1963,0
1964,1
1965,0
1966,0
1967,0
1968,0
1969,0
1970,1
1971,1
1972,0
1973,0
1974,1
1975,0
1976,1
1977,0
1978,1
1979,0
1980,1
1981,1
1982,0
1983,0
1984,0
1985,0
1986,1
1987,1
1988,0
1989,1
1990,1
1991,1
1992,0
1993,1
1994,0
1995,0
1996,0
1997,0
1998,1
1999,0
2000,0
2001,0
2002,1
2003,0
2004,1
2005,0
2006,1
2007,1
2008,1
2009,1
2010,0
2011,0
2012,0
2013,1
2014,0
2015,0
2016,0
2017,0
2018,0
2019,1
2020,0
2021,1
2022,1
2023,1
2024,1
2025,1
2026,0
2027,1
2028,0
2029,1
2030,1
2031,0
2032,1
2033,1
2034,1
2035,1
2036,0
2037,1
2038,1
2039,0
2040,1
2041,1
2042,1
2043,1
2044,0
2045,0
2046,0
2047,1
2048,1
2049,0
2050,1
2051,0
2052,1
2053,1
2054,0
2055,0
2056,1
2057,0
2058,0
2059,0
2060,1
2061,0
2062,0
2063,0
2064,0
2065,1
2066,0
2067,1
2068,1
2069,1
2070,1
2071,1
2072,1
2073,0
2074,0
2075,0
2076,1
2077,0
2078,0
2079,0
2080,0
2081,1
2082,1
2083,0
2084,0
2085,1
2086,1
2087,1
2088,0
2089,1
2090,0
2091,1
2092,0
2093,1
2094,1
2095,1
2096,1
2097,1
2098,1
2099,1
2100,1
2101,0
2102,0
2103,0
2104,0
2105,1
2106,0
2107,1
2108,1
2109,0
2110,1
2111,0
2112,1
2113,1
2114,0
2115,1
2116,1
2117,1
2118,1
2119,0
2120,0
2121,1
2122,0
2123,1
2124,1
2125,0
2126,1
2127,1
2128,0
2129,1
2130,1
2131,0
2132,1
2133,1
2134,0
2135,0
2136,1
2137,0
2138,1
2139,1
2140,1
2141,1
2142,1
2143,1
2144,0
2145,0
2146,0
2147,1
2148,1
2149,0
2150,1
2151,0
2152,1
2153,1
2154,1
2155,0
2156,0
2157,0
2158,1
2159,1
2160,1
2161,1
2162,0
2163,0
2164,1
2165,1
2166,0
2167,1
2168,1
2169,0
2170,0
2171,1
2172,0
2173,0
2174,1
2175,1
2176,0
2177,0
2178,1
2179,0
2180,0
2181,1
2182,1
2183,0
2184,1
2185,0
2186,1
2187,1
2188,1
2189,1
2190,1
2191,1
2192,1
2193,1
2194,1
2195,1
2196,1
2197,0
2198,0
2199,1
2200,0
2201,1
2202,0
2203,0
2204,0
2205,1
2206,1
2207,0
2208,1
2209,1
2210,0
2211,1
2212,0
2213,0
2214,0
2215,1
2216,0
2217,0
2218,0
2219,1
2220,1
2221,0
2222,0
2223,1
2224,1
2225,1
2226,0
2227,1
2228,0
2229,0
2230,1
2231,0
2232,1
2233,1
2234,0
2235,0
2236,0
2237,0
2238,1
2239,1
2240,1
2241,1
2242,1
2243,1
2244,0
2245,0
2246,1
2247,0
2248,1
2249,1
2250,1
2251,1
2252,0
2253,1
2254,0
2255,1
2256,1
2257,1
2258,0
2259,1
2260,0
2261,1
2262,1
2263,1
2264,0
2265,0
2266,0
2267,1
2268,1
2269,0
2270,0
2271,0
2272,1
2273,1
2274,1
2275,1
2276,1
2277,0
2278,1
2279,1
2280,0
2281,0
2282,0
2283,1
2284,1
2285,1
2286,0
2287,1
2288,0
2289,1
2290,0
2291,1
2292,0
2293,0
2294,0
2295,1
2296,0
2297,1
2298,1
2299,0
2300,0
2301,0
2302,1
2303,1
2304,1
2305,1
2306,1
2307,0
2308,1
2309,0
2310,1
2311,0
2312,0
2313,0
2314,0
2315,0
2316,1
2317,0
2318,0
2319,0
2320,0
2321,1
2322,0
2323,0
2324,0
2325,0
2326,0
2327,1
2328,0
2329,0
2330,1
2331,0
2332,1
2333,0
2334,1
2335,1
2336,1
2337,1
2338,1
2339,0
2340,1
2341,0
2342,1
2343,1
2344,0
2345,0
2346,0
2347,1
2348,0
2349,0
2350,1
2351,1
2352,1
2353,1
2354,0
2355,1
2356,1
2357,1
2358,1
2359,0
2360,0
2361,0
2362,1
2363,0
2364,1
2365,0
2366,1
2367,0
2368,1
2369,1
2370,1
2371,1
2372,0
2373,1
2374,1
2375,0
2376,1
2377,1
2378,0
2379,1
2380,0
2381,1
2382,0
2383,1
2384,0
2385,0
2386,0
2387,0
2388,1
2389,0
2390,1
2391,0
2392,0
2393,0
2394,1
2395,1
2396,0
2397,1
2398,1
2399,1
2400,1
2401,0
2402,1
2403,1
2404,1
2405,1
2406,1
2407,1
2408,1
2409,1
2410,1
2411,1
2412,0
2413,1
2414,0
2415,0
2416,1
2417,0
2418,1
2419,0
2420,0
2421,0
2422,0
2423,0
2424,1
2425,1
2426,0
2427,0
2428,1
2429,0
2430,1
2431,1
2432,1
2433,1
2434,0
2435,0
2436,0
2437,1
2438,1
2439,1
2440,1
2441,0
2442,0
2443,0
2444,1
2445,0
2446,1
2447,0
2448,1
2449,0
2450,0
2451,0
2452,1
2453,1
2454,1
2455,0
2456,0
2457,1
2458,0
2459,0
2460,0
2461,0
2462,0
2463,1
2464,0
2465,0
2466,0
2467,1
2468,0
2469,0
2470,1
2471,0
2472,1
2473,0
2474,0
2475,1
2476,0
2477,0
2478,1
2479,1
2480,0
2481,0
2482,0
2483,1
2484,0
2485,0
2486,0
2487,0
2488,0
2489,1
2490,0
2491,0
2492,1
2493,1
2494,1
2495,0
2496,1
2497,1
2498,0
2499,0
2500,0
2501,0
2502,0
2503,1
2504,0
2505,1
2506,0
2507,0
2508,1
2509,1
2510,1
2511,1
2512,0
2513,0
2514,1
2515,1
2516,1
2517,1
2518,1
2519,0
2520,1
2521,0
2522,1
2523,1
2524,0
2525,0
2526,0
2527,0
2528,1
2529,0
2530,1
2531,1
2532,1
2533,1
2534,0
2535,1
2536,0
2537,0
2538,0
2539,0
2540,1
2541,1
2542,1
2543,0
2544,1
2545,0
2546,0
2547,1
2548,0
2549,0
2550,0
2551,1
2552,1
2553,1
2554,1
2555,1
2556,0
2557,1
2558,0
2559,0
2560,1
2561,1
2562,1
2563,0
2564,0
2565,0
2566,0
2567,1
2568,1
2569,1
2570,0
2571,0
2572,1
2573,0
2574,1
2575,1
2576,1
2577,0
2578,1
2579,1
2580,0
2581,1
2582,0
2583,0
2584,0
2585,0
2586,0
2587,1
2588,1
2589,1
2590,0
2591,1
2592,1
2593,1
2594,1
2595,1
2596,1
2597,0
2598,0
2599,1
2600,1
2601,0
2602,0
2603,1
2604,1
2605,1
2606,0
2607,1
2608,1
2609,0
2610,0
2611,1
2612,0
2613,1
2614,1
2615,0
2616,0
2617,0
2618,1
2619,1
2620,1
2621,0
2622,0
2623,1
2624,1
2625,0
2626,1
2627,0
2628,0
2629,0
2630,1
2631,0
2632,1
2633,1
2634,1
2635,0
2636,1
2637,1
2638,0
2639,1
2640,1
2641,0
2642,1
2643,1
2644,0
2645,1
2646,1
2647,0
2648,0
2649,0
2650,1
2651,0
2652,1
2653,0
2654,1
2655,1
2656,0
2657,0
2658,1
2659,1
2660,1
2661,1
2662,1
2663,1
2664,1
2665,1
2666,1
2667,0
2668,1
2669,1
2670,1
2671,0
2672,1
2673,1
2674,0
2675,1
2676,1
2677,0
2678,0
2679,1
2680,0
2681,1
2682,1
2683,1
2684,1
2685,1
2686,0
2687,1
2688,0
2689,0
2690,0
2691,0
2692,1
2693,0
2694,1
2695,0
2696,0
2697,1
2698,0
2699,1
2700,0
2701,0
2702,0
2703,0
2704,0
2705,1
2706,1
2707,1
2708,1
2709,1
2710,1
2711,0
2712,0
2713,1
2714,1
2715,0
2716,1
2717,0
2718,0
2719,1
2720,1
2721,1
2722,0
2723,0
2724,0
2725,1
2726,0
2727,1
2728,1
2729,0
2730,0
2731,1
2732,1
2733,1
2734,1
2735,1
2736,1
2737,1
2738,1
2739,1
2740,1
2741,1
2742,1
2743,1
2744,0
2745,1
2746,1
2747,0
2748,1
2749,0
2750,1
2751,0
2752,1
2753,1
2754,1
2755,0
2756,1
2757,0
2758,0
2759,0
2760,0
2761,1
2762,1
2763,0
2764,1
2765,1
2766,1
2767,1
2768,1
2769,0
2770,1
2771,1
2772,0
2773,0
2774,1
2775,0
2776,1
2777,0
2778,0
2779,0
2780,0
2781,1
2782,1
2783,1
2784,1
2785,0
2786,1
2787,1
2788,0
2789,0
2790,1
2791,1
2792,0
2793,0
2794,1
2795,0
2796,1
2797,1
2798,1
2799,1
2800,0
2801,0
2802,0
2803,0
2804,1
2805,1
2806,0
2807,1
2808,0
2809,1
2810,1
2811,1
2812,0
2813,0
2814,1
2815,0
2816,0
2817,0
2818,1
2819,0
2820,1
2821,1
2822,0
2823,0
2824,0
2825,0
2826,1
2827,1
2828,1
2829,0
2830,0
2831,0
2832,1
2833,0
2834,1
2835,0
2836,0
2837,0
2838,1
2839,0
2840,1
2841,1
2842,0
2843,1
2844,0
2845,1
2846,0
2847,1
2848,1
2849,0
2850,1
2851,0
2852,0
2853,0
2854,1
2855,1
2856,1
2857,0
2858,1
2859,1
2860,1
2861,0
2862,0
2863,0
2864,0
2865,0
2866,1
2867,1
2868,0
2869,1
2870,0
2871,1
2872,1
2873,1
2874,1
2875,1
2876,1
2877,1
2878,0
2879,1
2880,0
2881,1
2882,1
2883,0
2884,0
2885,1
2886,0
2887,1
2888,0
2889,0
2890,1
2891,1
2892,0
2893,1
2894,0
2895,1
2896,0
2897,1
2898,1
2899,0
2900,0
2901,0
2902,0
2903,0
2904,1
2905,0
2906,1
2907,1
2908,1
2909,1
2910,0
2911,0
2912,1
2913,1
2914,1
2915,0
2916,0
2917,1
2918,0
2919,1
2920,1
2921,0
2922,0
2923,0
2924,0
2925,1
2926,1
2927,1
2928,1
2929,1
2930,0
2931,0
2932,0
2933,0
2934,1
2935,1
2936,1
2937,0
2938,0
2939,0
2940,1
2941,0
2942,0
2943,1
2944,1
2945,0
2946,1
2947,0
2948,1
2949,0
2950,0
2951,0
2952,0
2953,1
2954,0
2955,1
2956,1
2957,1
2958,0
2959,1
2960,1
2961,1
2962,0
2963,1
2964,0
2965,0
2966,1
2967,1
2968,1
2969,1
2970,0
2971,1
2972,0
2973,1
2974,0
2975,0
2976,0
2977,1
2978,1
2979,0
2980,1
2981,0
2982,1
2983,0
2984,0
2985,0
2986,0
2987,1
2988,0
2989,1
2990,0
2991,1
2992,0
2993,1
2994,1
2995,1
2996,0
2997,1
2998,1
2999,1
3000,0
3001,0
3002,0
3003,1
3004,1
3005,0
3006,0
3007,1
3008,1
3009,1
3010,1
3011,0
3012,1
3013,1
3014,1
3015,0
3016,1
3017,1
3018,1
3019,0
3020,1
3021,0
3022,0
3023,1
3024,1
3025,1
3026,0
3027,1
3028,0
3029,0
3030,0
3031,0
3032,1
3033,1
3034,0
3035,1
3036,0
3037,0
3038,1
3039,1
3040,1
3041,1
3042,0
3043,0
3044,1
3045,1
3046,0
3047,0
3048,0
3049,1
3050,0
3051,1
3052,1
3053,0
3054,1
3055,0
3056,1
3057,0
3058,1
3059,0
3060,1
3061,1
3062,1
3063,1
3064,1
3065,1
3066,0
3067,1
3068,0
3069,1
3070,1
3071,0
3072,1
3073,0
3074,1
3075,1
3076,0
3077,0
3078,1
3079,1
3080,0
3081,1
3082,1
3083,1
3084,1
3085,0
3086,0
3087,0
3088,0
3089,0
3090,0
3091,1
3092,0
3093,0
3094,1
3095,0
3096,1
3097,1
3098,1
3099,1
3100,0
3101,0
3102,0
3103,0
3104,0
3105,1
3106,0
3107,1
3108,1
3109,1
3110,0
3111,0
3112,0
3113,1
3114,0
3115,0
3116,1
3117,1
3118,0
3119,1
3120,1
3121,1
3122,1
3123,0
3124,0
3125,1
3126,1
3127,1
3128,1
3129,1
3130,0
3131,1
3132,0
3133,1
3134,1
3135,1
3136,1
3137,1
3138,1
3139,1
3140,0
3141,0
3142,1
3143,0
3144,1
3145,1
3146,0
3147,0
3148,1
3149,0
3150,1
3151,0
3152,1
3153,1
3154,1
3155,1
3156,1
3157,1
3158,0
3159,0
3160,0
3161,0
3162,1
3163,0
3164,1
3165,1
3166,1
3167,1
3168,1
3169,0
3170,0
3171,1
3172,1
3173,0
3174,0
3175,1
3176,0
3177,0
3178,0
3179,0
3180,0
3181,0
3182,0
3183,1
3184,1
3185,1
3186,1
3187,0
3188,0
3189,0
3190,0
3191,0
3192,0
3193,1
3194,1
3195,1
3196,1
3197,1
3198,0
3199,0
3200,0
3201,1
3202,0
3203,0
3204,1
3205,1
3206,0
3207,0
3208,0
3209,0
3210,0
3211,1
3212,1
3213,1
3214,0
3215,0
3216,0
3217,0
3218,1
3219,1
3220,1
3221,0
3222,1
3223,0
3224,0
3225,1
3226,0
3227,1
3228,0
3229,0
3230,0
3231,0
3232,1
3233,1
3234,0
3235,1
3236,0
3237,1
3238,0
3239,0
3240,1
3241,0
3242,0
3243,0
3244,1
3245,0
3246,1
3247,0
3248,1
3249,0
3250,1
3251,0
3252,0
3253,0
3254,0
3255,1
3256,1
3257,1
3258,0
3259,1
3260,0
3261,0
3262,0
3263,0
3264,0
3265,0
3266,0
3267,0
3268,1
3269,0
3270,1
3271,1
3272,0
3273,1
3274,1
3275,1
3276,1
3277,0
3278,0
3279,0
3280,1
3281,1
3282,0
3283,1
3284,1
3285,1
3286,0
3287,0
3288,0
3289,1
3290,0
3291,1
3292,0
3293,0
3294,0
3295,0
3296,0
3297,1
3298,1
3299,1
3300,1
3301,0
3302,0
3303,1
3304,1
3305,1
3306,1
3307,1
3308,1
3309,1
3310,1
3311,0
3312,1
3313,1
3314,1
3315,1
3316,0
3317,0
3318,1
3319,1
3320,1
3321,0
3322,1
3323,0
3324,1
3325,0
3326,0
3327,0
3328,0
3329,0
3330,0
3331,1
3332,0
3333,0
3334,0
3335,0
3336,0
3337,1
3338,1
3339,0
3340,1
3341,1
3342,1
3343,1
3344,0
3345,0
3346,1
3347,1
3348,0
3349,0
3350,1
3351,0
3352,0
3353,1
3354,1
3355,1
3356,0
3357,0
3358,1
3359,1
3360,0
3361,1
3362,1
3363,0
3364,1
3365,0
3366,0
3367,0
3368,1
3369,1
3370,0
3371,0
3372,1
3373,0
3374,1
3375,1
3376,1
3377,0
3378,1
3379,0
3380,1
3381,0
3382,1
3383,1
3384,0
3385,1
3386,0
3387,0
3388,0
3389,1
3390,0
3391,0
3392,0
3393,1
3394,0
3395,1
3396,1
3397,0
3398,1
3399,0
3400,0
3401,0
3402,1
3403,1
3404,1
3405,1
3406,0
3407,0
3408,1
3409,1
3410,1
3411,1
3412,1
3413,0
3414,1
3415,0
3416,1
3417,1
3418,1
3419,1
3420,0
3421,1
3422,1
3423,1
3424,1
3425,0
3426,0
3427,1
3428,1
3429,0
3430,1
3431,1
3432,1
3433,0
3434,0
3435,0
3436,1
3437,1
3438,0
3439,1
3440,1
3441,1
3442,1
3443,0
3444,0
3445,1
3446,1
3447,0
3448,1
3449,0
3450,0
3451,0
3452,0
3453,1
3454,0
3455,0
3456,1
3457,0
3458,0
3459,1
3460,1
3461,1
3462,0
3463,1
3464,1
3465,0
3466,1
3467,0
3468,1
3469,1
3470,0
3471,1
3472,0
3473,0
3474,1
3475,0
3476,0
3477,1
3478,1
3479,0
3480,1
3481,1
3482,1
3483,1
3484,0
3485,1
3486,0
3487,0
3488,1
3489,0
3490,0
3491,0
3492,1
3493,0
3494,0
3495,1
3496,1
3497,0
3498,1
3499,1
3500,1
3501,0
3502,0
3503,0
3504,0
3505,1
3506,0
3507,0
3508,1
3509,1
3510,1
3511,0
3512,1
3513,1
3514,1
3515,1
3516,1
3517,0
3518,0
3519,1
3520,0
3521,0
3522,1
3523,0
3524,0
3525,1
3526,1
3527,1
3528,0
3529,1
3530,1
3531,1
3532,1
3533,0
3534,0
3535,0
3536,0
3537,0
3538,1
3539,1
3540,1
3541,0
3542,1
3543,1
3544,0
3545,0
3546,1
3547,0
3548,0
3549,0
3550,1
3551,0
3552,1
3553,0
3554,0
3555,1
3556,1
3557,1
3558,1
3559,1
3560,1
3561,1
3562,1
3563,0
3564,1
3565,0
3566,0
3567,0
3568,0
3569,0
3570,1
3571,0
3572,0
3573,1
3574,0
3575,1
3576,1
3577,1
3578,0
3579,0
3580,1
3581,1
3582,0
3583,0
3584,1
3585,0
3586,1
3587,0
3588,1
3589,0
3590,0
3591,0
3592,1
3593,0
3594,1
3595,0
3596,1
3597,0
3598,0
3599,0
3600,0
3601,0
3602,0
3603,0
3604,0
3605,0
3606,1
3607,1
3608,1
3609,0
3610,0
3611,1
3612,0
3613,1
3614,0
3615,0
3616,0
3617,0
3618,1
3619,0
3620,1
3621,1
3622,1
3623,1
3624,0
3625,0
3626,0
3627,0
3628,1
3629,1
3630,1
3631,0
3632,0
3633,1
3634,1
3635,1
3636,1
3637,1
3638,0
3639,1
3640,1
3641,1
3642,0
3643,1
3644,1
3645,0
3646,0
3647,1
3648,1
3649,0
3650,0
3651,1
3652,1
3653,1
3654,0
3655,1
3656,0
3657,1
3658,1
3659,0
3660,1
3661,1
3662,0
3663,1
3664,0
3665,1
3666,1
3667,0
3668,0
3669,1
3670,1
3671,1
3672,1
3673,0
3674,1
3675,0
3676,1
3677,1
3678,1
3679,1
3680,0
3681,1
3682,1
3683,0
3684,1
3685,0
3686,1
3687,1
3688,0
3689,0
3690,0
3691,1
3692,0
3693,1
3694,1
3695,0
3696,1
3697,0
3698,0
3699,0
3700,0
3701,1
3702,0
3703,1
3704,1
3705,1
3706,1
3707,1
3708,0
3709,0
3710,1
3711,1
3712,0
3713,1
3714,1
3715,0
3716,1
3717,1
3718,1
3719,1
3720,0
3721,0
3722,1
3723,1
3724,1
3725,0
3726,0
3727,0
3728,0
3729,1
3730,1
3731,0
3732,1
3733,1
3734,1
3735,0
3736,0
3737,0
3738,1
3739,1
3740,0
3741,1
3742,1
3743,1
3744,0
3745,1
3746,1
3747,0
3748,0
3749,0
3750,1
3751,1
3752,1
3753,1
3754,1
3755,1
3756,1
3757,1
3758,1
3759,0
3760,1
3761,1
3762,1
3763,1
3764,0
3765,1
3766,1
3767,0
3768,0
3769,1
3770,1
3771,0
3772,0
3773,0
3774,1
3775,0
3776,0
3777,1
3778,1
3779,0
3780,1
3781,1
3782,1
3783,0
3784,1
3785,0
3786,1
3787,0
3788,0
3789,1
3790,1
3791,0
3792,1
3793,0
3794,0
3795,1
3796,1
3797,0
3798,1
3799,1
3800,1
3801,1
3802,0
3803,0
3804,0
3805,0
3806,1
3807,1
3808,0
3809,1
3810,1
3811,0
3812,1
3813,0
3814,0
3815,0
3816,0
3817,1
3818,1
3819,1
3820,1
3821,1
3822,1
3823,1
3824,1
3825,0
3826,1
3827,1
3828,1
3829,1
3830,0
3831,0
3832,1
3833,1
3834,0
3835,0
3836,0
3837,1
3838,1
3839,1
3840,0
3841,0
3842,1
3843,1
3844,0
3845,1
3846,1
3847,1
3848,0
3849,0
3850,1
3851,1
3852,1
3853,0
3854,1
3855,1
3856,1
3857,0
3858,0
3859,0
3860,0
3861,1
3862,1
3863,0
3864,0
3865,1
3866,1
3867,0
3868,1
3869,0
3870,1
3871,0
3872,1
3873,0
3874,1
3875,0
3876,1
3877,0
3878,1
3879,1
3880,1
3881,1
3882,0
3883,1
3884,1
3885,1
3886,1
3887,1
3888,1
3889,1
3890,0
3891,0
3892,0
3893,0
3894,1
3895,0
3896,0
3897,1
3898,0
3899,0
3900,1
3901,0
3902,0
3903,1
3904,0
3905,0
3906,1
3907,1
3908,1
3909,1
3910,0
3911,1
3912,0
3913,1
3914,0
3915,1
3916,0
3917,1
3918,0
3919,1
3920,0
3921,1
3922,1
3923,1
3924,1
3925,0
3926,0
3927,0
3928,1
3929,0
3930,1
3931,1
3932,1
3933,1
3934,0
3935,1
3936,1
3937,1
3938,1
3939,1
3940,1
3941,0
3942,1
3943,0
3944,0
3945,1
3946,1
3947,0
3948,0
3949,1
3950,1
3951,1
3952,1
3953,1
3954,0
3955,1
3956,0
3957,1
3958,1
3959,1
3960,0
3961,1
3962,1
3963,0
3964,1
3965,0
3966,0
3967,1
3968,1
3969,0
3970,0
3971,1
3972,1
3973,0
3974,1
3975,0
3976,1
3977,1
3978,1
3979,0
3980,0
3981,0
3982,0
3983,0
3984,1
3985,0
3986,1
3987,1
3988,0
3989,1
3990,1
3991,0
3992,1
3993,0
3994,1
3995,0
3996,1
3997,0
3998,0
3999,1
4000,0
4001,1
4002,1
4003,0
4004,0
4005,0
4006,1
4007,1
4008,1
4009,0
4010,0
4011,0
4012,1
4013,1
4014,1
4015,1
4016,1
4017,1
4018,0
4019,1
4020,1
4021,1
4022,0
4023,1
4024,1
4025,0
4026,1
4027,1
4028,1
4029,1
4030,1
4031,1
4032,1
4033,1
4034,0
4035,0
4036,1
4037,1
4038,1
4039,0
4040,1
4041,1
4042,1
4043,0
4044,0
4045,1
4046,0
4047,1
4048,0
4049,0
4050,0
4051,0
4052,0
4053,1
4054,0
4055,1
4056,0
4057,0
4058,1
4059,0
4060,0
4061,1
4062,0
4063,1
4064,1
4065,1
4066,0
4067,1
4068,1
4069,1
4070,1
4071,1
4072,0
4073,1
4074,0
4075,1
4076,1
4077,1
4078,1
4079,0
4080,1
4081,0
4082,0
4083,0
4084,1
4085,1
4086,0
4087,1
4088,1
4089,0
4090,1
4091,1
4092,1
4093,0
4094,0
4095,0
4096,0
4097,1
4098,1
4099,1
4100,0
4101,1
4102,1
4103,0
4104,1
4105,1
4106,1
4107,1
4108,1
4109,0
4110,1
4111,0
4112,0
4113,0
4114,1
4115,1
4116,0
4117,1
4118,1
4119,1
4120,1
4121,1
4122,1
4123,0
4124,1
4125,1
4126,1
4127,1
4128,1
4129,0
4130,1
4131,0
4132,1
4133,1
4134,0
4135,0
4136,0
4137,0
4138,0
4139,1
4140,0
4141,0
4142,0
4143,0
4144,0
4145,0
4146,0
4147,0
4148,1
4149,1
4150,0
4151,0
4152,0
4153,1
4154,1
4155,0
4156,1
4157,0
4158,1
4159,0
4160,0
4161,1
4162,1
4163,0
4164,1
4165,0
4166,1
4167,1
4168,1
4169,1
4170,0
4171,0
4172,1
4173,1
4174,0
4175,0
4176,0
4177,1
4178,0
4179,0
4180,0
4181,1
4182,1
4183,0
4184,1
4185,1
4186,0
4187,0
4188,1
4189,0
4190,1
4191,0
4192,1
4193,0
4194,0
4195,0
4196,1
4197,0
4198,0
4199,1
4200,1
4201,1
4202,1
4203,1
4204,0
4205,0
4206,1
4207,0
4208,0
4209,0
4210,1
4211,0
4212,0
4213,1
4214,0
4215,0
4216,1
4217,1
4218,1
4219,0
4220,0
4221,1
4222,0
4223,0
4224,1
4225,1
4226,1
4227,0
4228,0
4229,0
4230,0
4231,0
4232,1
4233,0
4234,0
4235,0
4236,1
4237,1
4238,0
4239,1
4240,0
4241,1
4242,0
4243,1
4244,0
4245,1
4246,1
4247,1
4248,1
4249,1
4250,1
4251,0
4252,1
4253,1
4254,0
4255,0
4256,0
4257,0
4258,1
4259,1
4260,1
4261,1
4262,0
4263,1
4264,0
4265,0
4266,0
4267,1
4268,0
4269,1
4270,0
4271,1
4272,0
4273,1
4274,0
4275,1
4276,0
4277,0
4278,1
4279,1
4280,1
4281,1
4282,1
4283,0
4284,0
4285,1
4286,0
4287,1
4288,0
4289,0
4290,1
4291,0
4292,1
4293,1
4294,1
4295,1
4296,0
4297,1
4298,1
4299,1
4300,1
4301,0
4302,0
4303,1
4304,1
4305,1
4306,1
4307,1
4308,1
4309,1
4310,1
4311,0
4312,0
4313,1
4314,1
4315,0
4316,1
4317,0
4318,0
4319,0
4320,1
4321,0
4322,0
4323,1
4324,1
4325,0
4326,0
4327,1
4328,0
4329,1
4330,1
4331,1
4332,1
4333,1
4334,0
4335,1
4336,0
4337,1
4338,1
4339,0
4340,1
4341,1
4342,1
4343,1
4344,1
4345,1
4346,0
4347,1
4348,1
4349,0
4350,0
4351,0
4352,1
4353,0
4354,1
4355,1
4356,1
4357,0
4358,0
4359,1
4360,1
4361,1
4362,1
4363,0
4364,0
4365,1
4366,0
4367,1
4368,0
4369,1
4370,0
4371,1
4372,1
4373,0
4374,1
4375,1
4376,0
4377,1
4378,1
4379,0
4380,0
4381,0
4382,1
4383,1
4384,0
4385,1
4386,0
4387,1
4388,0
4389,0
4390,1
4391,0
4392,1
4393,1
4394,0
4395,1
4396,1
4397,1
4398,0
4399,0
4400,1
4401,1
4402,1
4403,0
4404,0
4405,1
4406,1
4407,1
4408,0
4409,0
4410,1
4411,0
4412,0
4413,1
4414,1
4415,0
4416,1
4417,1
4418,0
4419,0
4420,1
4421,1
4422,1
4423,1
4424,1
4425,0
4426,1
4427,1
4428,0
4429,0
4430,1
4431,1
4432,1
4433,0
4434,0
4435,0
4436,0
4437,0
4438,0
4439,0
4440,0
4441,1
4442,0
4443,0
4444,0
4445,1
4446,0
4447,1
4448,1
4449,0
4450,1
4451,1
4452,0
4453,0
4454,1
4455,1
4456,1
4457,0
4458,1
4459,0
4460,0
4461,0
4462,1
4463,0
4464,1
4465,0
4466,0
4467,0
4468,1
4469,1
4470,1
4471,1
4472,1
4473,1
4474,0
4475,1
4476,1
4477,0
4478,1
4479,0
4480,0
4481,0
4482,1
4483,1
4484,1
4485,0
4486,1
4487,1
4488,1
4489,1
4490,1
4491,1
4492,1
4493,1
4494,1
4495,1
4496,0
4497,1
4498,0
4499,1
4500,0
4501,0
4502,1
4503,0
4504,1
4505,1
4506,1
4507,1
4508,0
4509,0
4510,0
4511,0
4512,1
4513,0
4514,1
4515,1
4516,1
4517,0
4518,0
4519,0
4520,1
4521,1
4522,1
4523,0
4524,1
4525,1
4526,1
4527,1
4528,1
4529,1
4530,1
4531,0
4532,1
4533,0
4534,0
4535,0
4536,0
4537,1
4538,0
4539,0
4540,1
4541,0
4542,0
4543,0
4544,0
4545,1
4546,0
4547,0
4548,0
4549,0
4550,1
4551,1
4552,0
4553,1
4554,0
4555,1
4556,0
4557,0
4558,0
4559,1
4560,1
4561,0
4562,1
4563,1
4564,1
4565,0
4566,0
4567,1
4568,0
4569,1
4570,1
4571,1
4572,0
4573,0
4574,1
4575,0
4576,1
4577,0
4578,1
4579,0
4580,1
4581,1
4582,1
4583,1
4584,0
4585,0
4586,1
4587,0
4588,0
4589,1
4590,1
4591,1
4592,1
4593,1
4594,1
4595,0
4596,1
4597,1
4598,0
4599,1
4600,0
4601,0
4602,0
4603,1
4604,0
4605,0
4606,0
4607,0
4608,0
4609,0
4610,1
4611,1
4612,1
4613,1
4614,1
4615,0
4616,1
4617,0
4618,1
4619,0
4620,1
4621,0
4622,1
4623,1
4624,0
4625,0
4626,0
4627,0
4628,1
4629,1
4630,0
4631,1
4632,0
4633,0
4634,0
4635,1
4636,1
4637,1
4638,1
4639,1
4640,1
4641,1
4642,1
4643,0
4644,1
4645,1
4646,0
4647,0
4648,1
4649,1
4650,1
4651,1
4652,1
4653,0
4654,1
4655,1
4656,0
4657,0
4658,1
4659,1
4660,0
4661,1
4662,1
4663,1
4664,0
4665,0
4666,1
4667,1
4668,1
4669,1
4670,1
4671,1
4672,1
4673,1
4674,0
4675,0
4676,1
4677,0
4678,1
4679,1
4680,1
4681,1
4682,0
4683,0
4684,0
4685,1
4686,0
4687,1
4688,1
4689,1
4690,0
4691,0
4692,1
4693,1
4694,1
4695,1
4696,0
4697,1
4698,0
4699,1
4700,0
4701,0
4702,1
4703,1
4704,0
4705,0
4706,1
4707,0
4708,0
4709,1
4710,1
4711,1
4712,1
4713,0
4714,1
4715,0
4716,1
4717,0
4718,0
4719,1
4720,1
4721,1
4722,0
4723,0
4724,1
4725,0
4726,0
4727,1
4728,0
4729,0
4730,1
4731,1
4732,1
4733,1
4734,1
4735,1
4736,1
4737,1
4738,0
4739,1
4740,1
4741,1
4742,0
4743,1
4744,1
4745,1
4746,0
4747,1
4748,0
4749,1
4750,0
4751,1
4752,1
4753,0
4754,1
4755,0
4756,1
4757,0
4758,0
4759,1
4760,1
4761,1
4762,1
4763,1
4764,1
4765,1
4766,1
4767,0
4768,0
4769,0
4770,1
4771,0
4772,1
4773,1
4774,0
4775,1
4776,1
4777,0
4778,1
4779,1
4780,1
4781,1
4782,0
4783,1
4784,0
4785,1
4786,1
4787,0
4788,0
4789,1
4790,1
4791,1
4792,1
4793,0
4794,1
4795,1
4796,1
4797,0
4798,1
4799,1
4800,1
4801,1
4802,0
4803,0
4804,0
4805,1
4806,1
4807,0
4808,0
4809,1
4810,0
4811,0
4812,0
4813,0
4814,0
4815,1
4816,1
4817,1
4818,1
4819,1
4820,1
4821,0
4822,0
4823,1
4824,1
4825,1
4826,1
4827,0
4828,1
4829,1
4830,1
4831,1
4832,1
4833,1
4834,0
4835,1
4836,1
4837,0
4838,1
4839,0
4840,1
4841,0
4842,1
4843,0
4844,0
4845,1
4846,1
4847,0
4848,0
4849,0
4850,1
4851,0
4852,0
4853,0
4854,0
4855,0
4856,1
4857,0
4858,0
4859,0
4860,0
4861,1
4862,0
4863,1
4864,1
4865,1
4866,1
4867,1
4868,1
4869,0
4870,0
4871,0
4872,1
4873,1
4874,0
4875,0
4876,0
4877,1
4878,1
4879,0
4880,0
4881,0
4882,1
4883,0
4884,0
4885,0
4886,1
4887,1
4888,1
4889,0
4890,0
4891,1
4892,1
4893,1
4894,0
4895,1
4896,0
4897,0
4898,0
4899,0
4900,1
4901,0
4902,1
4903,0
4904,1
4905,0
4906,1
4907,0
4908,1
4909,0
4910,1
4911,0
4912,1
4913,0
4914,1
4915,0
4916,1
4917,1
4918,1
4919,1
4920,1
4921,0
4922,1
4923,0
4924,1
4925,0
4926,1
4927,0
4928,1
4929,1
4930,1
4931,0
4932,0
4933,0
4934,1
4935,0
4936,0
4937,0
4938,1
4939,0
4940,1
4941,1
4942,1
4943,1
4944,0
4945,1
4946,0
4947,1
4948,1
4949,1
4950,0
4951,0
4952,1
4953,0
4954,1
4955,1
4956,1
4957,1
4958,0
4959,1
4960,1
4961,1
4962,1
4963,1
4964,0
4965,1
4966,0
4967,0
4968,1
4969,0
4970,1
4971,0
4972,0
4973,0
4974,0
4975,0
4976,0
4977,1
4978,0
4979,0
4980,1
4981,1
4982,0
4983,0
4984,1
4985,1
4986,1
4987,0
4988,0
4989,1
4990,1
4991,1
4992,1
4993,0
4994,0
4995,0
4996,0
4997,1
4998,0
4999,0
5000,1
5001,0
5002,1
5003,0
5004,0
5005,1
5006,0
5007,1
5008,0
5009,0
5010,1
5011,1
5012,0
5013,1
5014,0
5015,0
5016,1
5017,0
5018,1
5019,1
5020,1
5021,1
5022,1
5023,0
5024,1
5025,1
5026,1
5027,1
5028,1
5029,1
5030,1
5031,1
5032,0
5033,0
5034,1
5035,1
5036,1
5037,0
5038,0
5039,0
5040,1
5041,0
5042,0
5043,1
5044,1
5045,0
5046,1
5047,1
5048,0
5049,0
5050,0
5051,1
5052,1
5053,1
5054,0
5055,0
5056,1
5057,1
5058,1
5059,0
5060,1
5061,1
5062,0
5063,0
5064,1
5065,1
5066,1
5067,0
5068,0
5069,0
5070,1
5071,1
5072,0
5073,0
5074,1
5075,1
5076,0
5077,0
5078,1
5079,1
5080,0
5081,1
5082,0
5083,0
5084,0
5085,0
5086,1
5087,1
5088,1
5089,0
5090,0
5091,0
5092,0
5093,1
5094,1
5095,1
5096,1
5097,1
5098,1
5099,0
5100,0
5101,1
5102,1
5103,1
5104,0
5105,0
5106,1
5107,0
5108,0
5109,1
5110,0
5111,0
5112,0
5113,1
5114,1
5115,1
5116,0
5117,0
5118,0
5119,0
5120,0
5121,1
5122,0
5123,0
5124,0
5125,0
5126,1
5127,1
5128,0
5129,0
5130,1
5131,1
5132,1
5133,1
5134,1
5135,1
5136,0
5137,1
5138,1
5139,0
5140,0
5141,1
5142,1
5143,0
5144,0
5145,1
5146,1
5147,0
5148,0
5149,1
5150,1
5151,0
5152,0
5153,1
5154,1
5155,0
5156,1
5157,1
5158,1
5159,0
5160,1
5161,1
5162,1
5163,0
5164,0
5165,0
5166,0
5167,0
5168,1
5169,0
5170,1
5171,1
5172,1
5173,0
5174,0
5175,0
5176,0
5177,1
5178,1
5179,0
5180,1
5181,1
5182,1
5183,1
5184,0
5185,0
5186,0
5187,0
5188,1
5189,0
5190,0
5191,0
5192,0
5193,1
5194,1
5195,0
5196,0
5197,1
5198,0
5199,0
5200,0
5201,1
5202,0
5203,0
5204,1
5205,1
5206,0
5207,0
5208,1
5209,1
5210,0
5211,0
5212,0
5213,1
5214,0
5215,0
5216,1
5217,1
5218,0
5219,1
5220,0
5221,1
5222,0
5223,0
5224,1
5225,1
5226,1
5227,0
5228,1
5229,1
5230,0
5231,1
5232,0
5233,1
5234,0
5235,1
5236,0
5237,1
5238,0
5239,1
5240,1
5241,1
5242,1
5243,0
5244,1
5245,1
5246,1
5247,0
5248,1
5249,0
5250,0
5251,1
5252,0
5253,1
5254,1
5255,0
5256,1
5257,0
5258,1
5259,0
5260,1
5261,1
5262,1
5263,1
5264,0
5265,1
5266,1
5267,0
5268,0
5269,1
5270,0
5271,1
5272,0
5273,0
5274,1
5275,1
5276,0
5277,1
5278,0
5279,0
5280,1
5281,1
5282,1
5283,1
5284,1
5285,1
5286,0
5287,1
5288,1
5289,1
5290,1
5291,0
5292,1
5293,0
5294,0
5295,1
5296,1
5297,0
5298,1
5299,0
5300,0
5301,1
5302,0
5303,0
5304,1
5305,1
5306,0
5307,0
5308,1
5309,1
5310,1
5311,1
5312,1
5313,0
5314,0
5315,0
5316,1
5317,0
5318,0
5319,0
5320,1
5321,1
5322,0
5323,0
5324,1
5325,0
5326,1
5327,0
5328,0
5329,1
5330,1
5331,0
5332,0
5333,1
5334,1
5335,1
5336,0
5337,1
5338,1
5339,1
5340,1
5341,0
5342,1
5343,1
5344,1
5345,0
5346,1
5347,1
5348,0
5349,0
5350,1
5351,1
5352,1
5353,1
5354,0
5355,0
5356,1
5357,1
5358,1
5359,1
5360,0
5361,1
5362,1
5363,1
5364,0
5365,0
5366,0
5367,0
5368,0
5369,1
5370,1
5371,1
5372,0
5373,1
5374,0
5375,0
5376,1
5377,1
5378,1
5379,0
5380,0
5381,0
5382,1
5383,1
5384,1
5385,1
5386,1
5387,1
5388,0
5389,1
5390,0
5391,1
5392,1
5393,0
5394,0
5395,0
5396,1
5397,0
5398,1
5399,0
5400,1
5401,1
5402,1
5403,1
5404,1
5405,0
5406,1
5407,0
5408,0
5409,0
5410,1
5411,0
5412,0
5413,1
5414,0
5415,1
5416,1
5417,1
5418,0
5419,1
5420,0
5421,1
5422,1
5423,1
5424,1
5425,0
5426,1
5427,0
5428,1
5429,1
5430,1
5431,0
5432,1
5433,1
5434,1
5435,1
5436,0
5437,1
5438,0
5439,1
5440,0
5441,1
5442,1
5443,1
5444,1
5445,1
5446,1
5447,0
5448,1
5449,0
5450,0
5451,0
5452,0
5453,0
5454,1
5455,0
5456,1
5457,1
5458,0
5459,1
5460,1
5461,1
5462,1
5463,1
5464,1
5465,1
5466,1
5467,1
5468,1
5469,0
5470,0
5471,0
5472,1
5473,1
5474,0
5475,0
5476,0
5477,0
5478,1
5479,1
5480,1
5481,1
5482,0
5483,1
5484,1
5485,1
5486,1
5487,0
5488,1
5489,1
5490,0
5491,0
5492,1
5493,1
5494,1
5495,1
5496,0
5497,1
5498,0
5499,1
5500,1
5501,0
5502,0
5503,1
5504,0
5505,1
5506,0
5507,1
5508,0
5509,1
5510,1
5511,0
5512,0
5513,0
5514,1
5515,0
5516,1
5517,1
5518,0
5519,0
5520,1
5521,1
5522,0
5523,0
5524,1
5525,0
5526,1
5527,0
5528,0
5529,0
5530,1
5531,1
5532,1
5533,0
5534,0
5535,1
5536,1
5537,0
5538,1
5539,1
5540,0
5541,0
5542,1
5543,1
5544,1
5545,1
5546,0
5547,0
5548,1
5549,0
5550,0
5551,0
5552,1
5553,0
5554,0
5555,0
5556,1
5557,1
5558,1
5559,1
5560,1
5561,0
5562,0
5563,0
5564,1
5565,1
5566,0
5567,0
5568,1
5569,1
5570,1
5571,0
5572,0
5573,0
5574,0
5575,1
5576,1
5577,0
5578,1
5579,1
5580,1
5581,0
5582,1
5583,0
5584,1
5585,0
5586,1
5587,0
5588,0
5589,1
5590,0
5591,0
5592,1
5593,1
5594,1
5595,0
5596,0
5597,1
5598,0
5599,0
5600,1
5601,0
5602,0
5603,0
5604,1
5605,1
5606,0
5607,0
5608,1
5609,0
5610,1
5611,1
5612,1
5613,0
5614,0
5615,0
5616,1
5617,1
5618,1
5619,1
5620,1
5621,0
5622,0
5623,1
5624,0
5625,0
5626,1
5627,1
5628,1
5629,0
5630,0
5631,1
5632,0
5633,0
5634,0
5635,0
5636,0
5637,1
5638,1
5639,1
5640,0
5641,1
5642,0
5643,1
5644,0
5645,0
5646,0
5647,1
5648,1
5649,1
5650,0
5651,0
5652,1
5653,1
5654,1
5655,0
5656,1
5657,1
5658,0
5659,0
5660,1
5661,0
5662,0
5663,0
5664,1
5665,1
5666,1
5667,0
5668,1
5669,1
5670,1
5671,0
5672,0
5673,1
5674,1
5675,0
5676,1
5677,1
5678,1
5679,0
5680,1
5681,1
5682,1
5683,1
5684,0
5685,1
5686,0
5687,1
5688,0
5689,1
5690,1
5691,1
5692,0
5693,0
5694,1
5695,1
5696,0
5697,0
5698,1
5699,1
5700,1
5701,0
5702,0
5703,1
5704,0
5705,1
5706,1
5707,1
5708,1
5709,1
5710,0
5711,0
5712,0
5713,0
5714,0
5715,1
5716,1
5717,0
5718,1
5719,0
5720,0
5721,0
5722,0
5723,0
5724,1
5725,1
5726,1
5727,0
5728,1
5729,1
5730,1
5731,1
5732,0
5733,1
5734,1
5735,1
5736,0
5737,1
5738,0
5739,0
5740,1
5741,0
5742,1
5743,0
5744,0
5745,0
5746,1
5747,0
5748,0
5749,1
5750,1
5751,1
5752,0
5753,0
5754,1
5755,0
5756,1
5757,1
5758,1
5759,0
5760,1
5761,0
5762,0
5763,1
5764,1
5765,0
5766,1
5767,1
5768,1
5769,0
5770,1
5771,1
5772,1
5773,1
5774,1
5775,0
5776,0
5777,1
5778,1
5779,0
5780,1
5781,1
5782,1
5783,0
5784,1
5785,1
5786,1
5787,1
5788,1
5789,0
5790,1
5791,1
5792,0
5793,1
5794,1
5795,0
5796,1
5797,0
5798,0
5799,1
5800,1
5801,0
5802,0
5803,0
5804,1
5805,0
5806,1
5807,1
5808,1
5809,0
5810,0
5811,1
5812,1
5813,0
5814,0
5815,0
5816,1
5817,0
5818,1
5819,1
5820,1
5821,0
5822,1
5823,1
5824,0
5825,0
5826,1
5827,1
5828,1
5829,0
5830,1
5831,1
5832,1
5833,1
5834,1
5835,1
5836,1
5837,0
5838,0
5839,1
5840,1
5841,0
5842,1
5843,0
5844,1
5845,0
5846,1
5847,1
5848,1
5849,1
5850,0
5851,0
5852,1
5853,0
5854,1
5855,1
5856,0
5857,1
5858,0
5859,0
5860,1
5861,1
5862,1
5863,0
5864,1
5865,0
5866,1
5867,1
5868,1
5869,1
5870,1
5871,0
5872,0
5873,1
5874,1
5875,0
5876,0
5877,1
5878,1
5879,1
5880,0
5881,0
5882,1
5883,0
5884,0
5885,1
5886,0
5887,1
5888,1
5889,1
5890,1
5891,0
5892,1
5893,0
5894,0
5895,0
5896,1
5897,0
5898,0
5899,1
5900,1
5901,1
5902,1
5903,1
5904,1
5905,1
5906,0
5907,1
5908,0
5909,0
5910,1
5911,0
5912,0
5913,1
5914,0
5915,1
5916,0
5917,0
5918,0
5919,0
5920,1
5921,0
5922,1
5923,1
5924,1
5925,0
5926,1
5927,1
5928,0
5929,1
5930,1
5931,0
5932,1
5933,0
5934,1
5935,1
5936,1
5937,0
5938,1
5939,0
5940,0
5941,0
5942,1
5943,0
5944,0
5945,1
5946,1
5947,1
5948,0
5949,1
5950,1
5951,0
5952,1
5953,1
5954,1
5955,0
5956,1
5957,1
5958,1
5959,0
5960,0
5961,1
5962,1
5963,1
5964,1
5965,0
5966,1
5967,1
5968,1
5969,0
5970,1
5971,1
5972,1
5973,1
5974,1
5975,1
5976,0
5977,0
5978,1
5979,0
5980,0
5981,1
5982,1
5983,0
5984,1
5985,0
5986,1
5987,0
5988,1
5989,1
5990,1
5991,1
5992,1
5993,0
5994,1
5995,0
5996,0
5997,1
5998,0
5999,1
6000,1
6001,0
6002,0
6003,0
6004,1
6005,0
6006,1
6007,1
6008,1
6009,0
6010,0
6011,0
6012,0
6013,1
6014,0
6015,0
6016,0
6017,1
6018,1
6019,0
6020,1
6021,0
6022,0
6023,0
6024,1
6025,1
6026,1
6027,1
6028,0
6029,1
6030,1
6031,0
6032,0
6033,0
6034,0
6035,0
6036,1
6037,1
6038,0
6039,1
6040,0
6041,1
6042,0
6043,0
6044,1
6045,1
6046,1
6047,1
6048,0
6049,1
6050,1
6051,1
6052,1
6053,1
6054,0
6055,0
6056,0
6057,1
6058,1
6059,1
6060,1
6061,1
6062,0
6063,1
6064,0
6065,1
6066,1
6067,1
6068,1
6069,0
6070,1
6071,1
6072,0
6073,1
6074,1
6075,1
6076,0
6077,1
6078,0
6079,1
6080,1
6081,1
6082,0
6083,1
6084,1
6085,1
6086,1
6087,1
6088,0
6089,1
6090,1
6091,0
6092,0
6093,1
6094,1
6095,0
6096,1
6097,0
6098,0
6099,1
6100,0
6101,0
6102,0
6103,0
6104,1
6105,0
6106,1
6107,0
6108,0
6109,0
6110,1
6111,0
6112,0
6113,0
6114,0
6115,1
6116,1
6117,1
6118,1
6119,0
6120,0
6121,1
6122,1
6123,1
6124,0
6125,0
6126,1
6127,1
6128,0
6129,1
6130,1
6131,1
6132,1
6133,0
6134,0
6135,1
6136,1
6137,0
6138,1
6139,0
6140,1
6141,0
6142,1
6143,0
6144,0
6145,0
6146,1
6147,1
6148,1
6149,1
6150,0
6151,0
6152,1
6153,0
6154,1
6155,0
6156,1
6157,1
6158,1
6159,0
6160,1
6161,1
6162,0
6163,1
6164,0
6165,0
6166,0
6167,0
6168,1
6169,1
6170,0
6171,0
6172,0
6173,0
6174,0
6175,1
6176,1
6177,1
6178,0
6179,0
6180,1
6181,1
6182,1
6183,1
6184,1
6185,1
6186,0
6187,1
6188,0
6189,1
6190,1
6191,1
6192,1
6193,0
6194,1
6195,0
6196,1
6197,0
6198,1
6199,0
6200,1
6201,0
6202,0
6203,0
6204,0
6205,1
6206,1
6207,0
6208,0
6209,0
6210,0
6211,1
6212,1
6213,1
6214,1
6215,1
6216,0
6217,1
6218,0
6219,1
6220,1
6221,0
6222,0
6223,0
6224,0
6225,0
6226,1
6227,1
6228,0
6229,0
6230,1
6231,1
6232,0
6233,0
6234,1
6235,1
6236,0
6237,1
6238,1
6239,1
6240,0
6241,0
6242,1
6243,0
6244,0
6245,1
6246,0
6247,0
6248,0
6249,0
6250,0
6251,1
6252,1
6253,1
6254,1
6255,0
6256,0
6257,1
6258,1
6259,0
6260,0
6261,1
6262,1
6263,0
6264,0
6265,1
6266,1
6267,0
6268,0
6269,1
6270,1
6271,0
6272,1
6273,1
6274,1
6275,1
6276,1
6277,1
6278,1
6279,0
6280,0
6281,1
6282,1
6283,1
6284,1
6285,0
6286,1
6287,0
6288,1
6289,1
6290,0
6291,1
6292,1
6293,0
6294,0
6295,1
6296,1
6297,1
6298,1
6299,1
6300,1
6301,1
6302,0
6303,1
6304,1
6305,0
6306,1
6307,1
6308,0
6309,0
6310,1
6311,0
6312,0
6313,0
6314,0
6315,1
6316,1
6317,0
6318,1
6319,1
6320,1
6321,0
6322,0
6323,1
6324,0
6325,0
6326,1
6327,1
6328,0
6329,1
6330,1
6331,1
6332,0
6333,0
6334,0
6335,0
6336,1
6337,0
6338,1
6339,1
6340,1
6341,0
6342,0
6343,0
6344,1
6345,0
6346,0
6347,1
6348,1
6349,0
6350,0
6351,0
6352,0
6353,1
6354,0
6355,0
6356,0
6357,1
6358,1
6359,0
6360,1
6361,0
6362,1
6363,1
6364,1
6365,1
6366,1
6367,0
6368,0
6369,1
6370,0
6371,0
6372,1
6373,1
6374,1
6375,1
6376,1
6377,0
6378,0
6379,1
6380,0
6381,0
6382,1
6383,0
6384,0
6385,1
6386,0
6387,1
6388,1
6389,0
6390,1
6391,0
6392,0
6393,0
6394,0
6395,1
6396,1
6397,1
6398,0
6399,1
6400,1
6401,0
6402,0
6403,0
6404,1
6405,0
6406,0
6407,1
6408,1
6409,1
6410,1
6411,0
6412,0
6413,0
6414,1
6415,1
6416,0
6417,0
6418,0
6419,1
6420,1
6421,1
6422,1
6423,0
6424,1
6425,1
6426,0
6427,0
6428,0
6429,0
6430,0
6431,1
6432,1
6433,1
6434,0
6435,0
6436,1
6437,1
6438,0
6439,0
6440,0
6441,0
6442,1
6443,1
6444,1
6445,0
6446,1
6447,0
6448,0
6449,0
6450,0
6451,1
6452,0
6453,1
6454,1
6455,0
6456,1
6457,1
6458,1
6459,1
6460,1
6461,1
6462,1
6463,1
6464,1
6465,0
6466,0
6467,1
6468,0
6469,1
6470,1
6471,1
6472,0
6473,0
6474,1
6475,1
6476,1
6477,1
6478,0
6479,1
6480,0
6481,0
6482,0
6483,1
6484,1
6485,0
6486,0
6487,1
6488,1
6489,1
6490,0
6491,1
6492,1
6493,0
6494,1
6495,0
6496,0
6497,0
6498,0
6499,1
6500,1
6501,1
6502,1
6503,1
6504,0
6505,0
6506,0
6507,0
6508,0
6509,0
6510,0
6511,1
6512,1
6513,1
6514,0
6515,1
6516,1
6517,1
6518,1
6519,1
6520,0
6521,1
6522,1
6523,0
6524,0
6525,0
6526,0
6527,1
6528,0
6529,1
6530,0
6531,0
6532,0
6533,1
6534,0
6535,1
6536,1
6537,0
6538,0
6539,0
6540,0
6541,0
6542,1
6543,1
6544,1
6545,0
6546,0
6547,0
6548,0
6549,1
6550,1
6551,1
6552,0
6553,1
6554,0
6555,0
6556,0
6557,1
6558,0
6559,0
6560,1
6561,0
6562,0
6563,0
6564,0
6565,0
6566,1
6567,1
6568,0
6569,1
6570,0
6571,0
6572,0
6573,1
6574,0
6575,1
6576,0
6577,1
6578,1
6579,1
6580,0
6581,0
6582,1
6583,0
6584,0
6585,1
6586,1
6587,0
6588,1
6589,0
6590,0
6591,0
6592,0
6593,0
6594,0
6595,1
6596,1
6597,1
6598,0
6599,1
6600,0
6601,1
6602,1
6603,1
6604,0
6605,0
6606,1
6607,1
6608,1
6609,1
6610,0
6611,1
6612,1
6613,1
6614,0
6615,1
6616,0
6617,0
6618,1
6619,1
6620,0
6621,0
6622,1
6623,0
6624,1
6625,1
6626,0
6627,0
6628,0
6629,1
6630,0
6631,0
6632,1
6633,0
6634,1
6635,0
6636,1
6637,0
6638,0
6639,1
6640,1
6641,1
6642,1
6643,1
6644,0
6645,1
6646,1
6647,0
6648,1
6649,0
6650,1
6651,1
6652,0
6653,0
6654,0
6655,1
6656,1
6657,1
6658,0
6659,0
6660,1
6661,0
6662,1
6663,1
6664,0
6665,1
6666,1
6667,1
6668,0
6669,1
6670,1
6671,1
6672,0
6673,0
6674,1
6675,0
6676,0
6677,0
6678,0
6679,1
6680,0
6681,0
6682,1
6683,0
6684,1
6685,1
6686,1
6687,1
6688,1
6689,0
6690,0
6691,0
6692,1
6693,0
6694,1
6695,1
6696,0
6697,1
6698,0
6699,0
6700,1
6701,0
6702,0
6703,0
6704,1
6705,0
6706,0
6707,1
6708,0
6709,1
6710,1
6711,1
6712,0
6713,1
6714,0
6715,0
6716,0
6717,1
6718,0
6719,0
6720,1
6721,0
6722,1
6723,0
6724,0
6725,1
6726,1
6727,1
6728,0
6729,1
6730,1
6731,1
6732,0
6733,1
6734,1
6735,1
6736,0
6737,0
6738,0
6739,1
6740,0
6741,0
6742,1
6743,0
6744,0
6745,1
6746,1
6747,0
6748,1
6749,1
6750,1
6751,1
6752,1
6753,1
6754,0
6755,1
6756,1
6757,1
6758,1
6759,1
6760,0
6761,1
6762,0
6763,0
6764,0
6765,1
6766,0
6767,1
6768,1
6769,1
6770,1
6771,1
6772,0
6773,0
6774,1
6775,1
6776,1
6777,1
6778,0
6779,0
6780,1
6781,1
6782,1
6783,1
6784,0
6785,1
6786,1
6787,0
6788,1
6789,0
6790,1
6791,0
6792,1
6793,0
6794,0
6795,1
6796,1
6797,0
6798,0
6799,1
6800,1
6801,1
6802,1
6803,1
6804,1
6805,1
6806,1
6807,0
6808,1
6809,0
6810,1
6811,0
6812,0
6813,1
6814,0
6815,1
6816,0
6817,0
6818,0
6819,1
6820,1
6821,1
6822,1
6823,1
6824,0
6825,1
6826,1
6827,1
6828,0
6829,0
6830,1
6831,1
6832,0
6833,1
6834,1
6835,1
6836,1
6837,0
6838,1
6839,1
6840,1
6841,0
6842,1
6843,0
6844,0
6845,1
6846,0
6847,0
6848,1
6849,0
6850,0
6851,0
6852,1
6853,1
6854,1
6855,0
6856,0
6857,1
6858,1
6859,1
6860,1
6861,0
6862,1
6863,0
6864,0
6865,1
6866,0
6867,0
6868,1
6869,0
6870,0
6871,0
6872,1
6873,1
6874,1
6875,0
6876,1
6877,0
6878,0
6879,1
6880,1
6881,1
6882,1
6883,0
6884,0
6885,1
6886,1
6887,1
6888,1
6889,1
6890,0
6891,1
6892,0
6893,0
6894,1
6895,0
6896,0
6897,0
6898,0
6899,0
6900,0
6901,1
6902,0
6903,0
6904,1
6905,0
6906,1
6907,0
6908,1
6909,1
6910,0
6911,0
6912,1
6913,1
6914,1
6915,1
6916,0
6917,1
6918,0
6919,0
6920,1
6921,0
6922,0
6923,1
6924,1
6925,1
6926,0
6927,1
6928,0
6929,0
6930,0
6931,0
6932,1
6933,0
6934,1
6935,0
6936,1
6937,0
6938,0
6939,1
6940,0
6941,0
6942,1
6943,1
6944,1
6945,0
6946,1
6947,1
6948,0
6949,1
6950,1
6951,0
6952,1
6953,0
6954,1
6955,0
6956,1
6957,1
6958,1
6959,0
6960,1
6961,0
6962,1
6963,0
6964,0
6965,1
6966,0
6967,0
6968,1
6969,0
6970,1
6971,0
6972,1
6973,0
6974,0
6975,1
6976,1
6977,1
6978,1
6979,0
6980,1
6981,0
6982,1
6983,1
6984,1
6985,1
6986,0
6987,1
6988,1
6989,1
6990,0
6991,1
6992,1
6993,1
6994,0
6995,0
6996,1
6997,0
6998,1
6999,1
7000,0
7001,0
7002,1
7003,1
7004,1
7005,0
7006,0
7007,1
7008,0
7009,1
7010,1
7011,0
7012,1
7013,0
7014,0
7015,1
7016,1
7017,1
7018,1
7019,1
7020,0
7021,0
7022,1
7023,0
7024,0
7025,1
7026,1
7027,1
7028,0
7029,0
7030,0
7031,1
7032,1
7033,1
7034,1
7035,0
7036,0
7037,0
7038,1
7039,1
7040,0
7041,0
7042,0
7043,1
7044,0
7045,1
7046,1
7047,1
7048,1
7049,0
7050,1
7051,0
7052,0
7053,0
7054,1
7055,1
7056,0
7057,0
7058,1
7059,1
7060,0
7061,0
7062,1
7063,1
7064,1
7065,1
7066,1
7067,0
7068,1
7069,0
7070,0
7071,0
7072,0
7073,1
7074,1
7075,0
7076,1
7077,1
7078,1
7079,0
7080,1
7081,1
7082,0
7083,1
7084,0
7085,1
7086,0
7087,0
7088,1
7089,0
7090,1
7091,0
7092,0
7093,0
7094,1
7095,1
7096,0
7097,1
7098,0
7099,1
7100,1
7101,1
7102,1
7103,1
7104,0
7105,0
7106,1
7107,1
7108,1
7109,0
7110,1
7111,0
7112,1
7113,0
7114,1
7115,1
7116,0
7117,0
7118,0
7119,0
7120,1
7121,0
7122,0
7123,1
7124,1
7125,1
7126,0
7127,0
7128,1
7129,0
7130,1
7131,0
7132,1
7133,1
7134,0
7135,1
7136,0
7137,0
7138,0
7139,1
7140,0
7141,1
7142,1
7143,0
7144,0
7145,1
7146,0
7147,1
7148,0
7149,0
7150,1
7151,0
7152,1
7153,0
7154,1
7155,1
7156,1
7157,1
7158,0
7159,1
7160,0
7161,1
7162,1
7163,1
7164,0
7165,0
7166,0
7167,0
7168,0
7169,0
7170,0
7171,1
7172,1
7173,1
7174,0
7175,1
7176,0
7177,1
7178,0
7179,1
7180,0
7181,0
7182,1
7183,0
7184,1
7185,0
7186,1
7187,0
7188,0
7189,0
7190,0
7191,0
7192,1
7193,1
7194,0
7195,1
7196,1
7197,1
7198,0
7199,0
7200,1
7201,1
7202,0
7203,0
7204,1
7205,1
7206,1
7207,0
7208,1
7209,1
7210,1
7211,1
7212,0
7213,1
7214,0
7215,0
7216,1
7217,0
7218,0
7219,1
7220,1
7221,1
7222,1
7223,1
7224,0
7225,0
7226,0
7227,1
7228,1
7229,1
7230,1
7231,1
7232,1
7233,1
7234,1
7235,1
7236,0
7237,0
7238,0
7239,0
7240,0
7241,0
7242,0
7243,1
7244,0
7245,1
7246,0
7247,0
7248,0
7249,0
7250,1
7251,1
7252,1
7253,1
7254,0
7255,0
7256,0
7257,1
7258,1
7259,0
7260,1
7261,0
7262,1
7263,0
7264,1
7265,0
7266,0
7267,0
7268,0
7269,0
7270,0
7271,1
7272,0
7273,1
7274,0
7275,0
7276,1
7277,1
7278,1
7279,1
7280,1
7281,0
7282,0
7283,1
7284,0
7285,0
7286,1
7287,1
7288,1
7289,1
7290,1
7291,0
7292,0
7293,1
7294,1
7295,1
7296,0
7297,1
7298,1
7299,0
7300,0
7301,1
7302,0
7303,1
7304,0
7305,0
7306,1
7307,0
7308,0
7309,1
7310,0
7311,0
7312,1
7313,1
7314,1
7315,0
7316,1
7317,0
7318,0
7319,0
7320,0
7321,0
7322,0
7323,0
7324,0
7325,1
7326,0
7327,0
7328,0
7329,1
7330,1
7331,0
7332,0
7333,0
7334,1
7335,0
7336,0
7337,1
7338,1
7339,1
7340,1
7341,1
7342,1
7343,1
7344,0
7345,1
7346,1
7347,0
7348,0
7349,0
7350,0
7351,1
7352,1
7353,1
7354,1
7355,1
7356,0
7357,1
7358,1
7359,1
7360,0
7361,1
7362,1
7363,0
7364,0
7365,1
7366,0
7367,1
7368,0
7369,1
7370,1
7371,1
7372,1
7373,0
7374,1
7375,0
7376,0
7377,0
7378,1
7379,0
7380,1
7381,1
7382,0
7383,0
7384,1
7385,0
7386,1
7387,0
7388,1
7389,1
7390,0
7391,1
7392,1
7393,1
7394,1
7395,0
7396,0
7397,1
7398,1
7399,1
7400,1
7401,0
7402,1
7403,1
7404,1
7405,0
7406,1
7407,0
7408,1
7409,0
7410,1
7411,0
7412,0
7413,0
7414,1
7415,0
7416,0
7417,1
7418,1
7419,0
7420,1
7421,0
7422,0
7423,0
7424,1
7425,1
7426,0
7427,0
7428,0
7429,0
7430,1
7431,0
7432,1
7433,0
7434,0
7435,0
7436,1
7437,1
7438,0
7439,1
7440,0
7441,1
7442,0
7443,1
7444,1
7445,0
7446,0
7447,1
7448,0
7449,1
7450,1
7451,0
7452,1
7453,1
7454,1
7455,0
7456,1
7457,0
7458,0
7459,1
7460,1
7461,1
7462,1
7463,0
7464,0
7465,0
7466,1
7467,1
7468,1
7469,1
7470,0
7471,1
7472,0
7473,0
7474,0
7475,1
7476,0
7477,1
7478,1
7479,0
7480,0
7481,0
7482,1
7483,0
7484,1
7485,1
7486,0
7487,1
7488,0
7489,0
7490,1
7491,1
7492,0
7493,0
7494,1
7495,1
7496,1
7497,0
7498,1
7499,0
7500,0
7501,0
7502,1
7503,1
7504,1
7505,0
7506,1
7507,0
7508,1
7509,1
7510,1
7511,0
7512,0
7513,1
7514,0
7515,1
7516,1
7517,1
7518,0
7519,1
7520,1
7521,1
7522,0
7523,1
7524,1
7525,0
7526,1
7527,1
7528,0
7529,1
7530,1
7531,1
7532,1
7533,1
7534,0
7535,1
7536,0
7537,0
7538,1
7539,0
7540,1
7541,1
7542,1
7543,1
7544,1
7545,0
7546,1
7547,1
7548,1
7549,0
7550,0
7551,1
7552,1
7553,0
7554,0
7555,0
7556,1
7557,0
7558,1
7559,0
7560,0
7561,1
7562,0
7563,0
7564,0
7565,1
7566,1
7567,0
7568,1
7569,0
7570,1
7571,1
7572,1
7573,1
7574,1
7575,1
7576,0
7577,1
7578,1
7579,1
7580,0
7581,1
7582,1
7583,0
7584,0
7585,0
7586,0
7587,0
7588,1
7589,0
7590,1
7591,1
7592,0
7593,1
7594,1
7595,1
7596,1
7597,0
7598,0
7599,1
7600,1
7601,0
7602,0
7603,0
7604,1
7605,1
7606,1
7607,0
7608,1
7609,0
7610,1
7611,0
7612,0
7613,0
7614,0
7615,0
7616,0
7617,1
7618,0
7619,0
7620,0
7621,1
7622,0
7623,0
7624,1
7625,1
7626,0
7627,1
7628,0
7629,0
7630,1
7631,1
7632,0
7633,1
7634,1
7635,0
7636,0
7637,1
7638,1
7639,0
7640,0
7641,0
7642,0
7643,0
7644,1
7645,1
7646,1
7647,0
7648,1
7649,0
7650,1
7651,0
7652,1
7653,1
7654,0
7655,1
7656,1
7657,0
7658,1
7659,1
7660,0
7661,1
7662,0
7663,0
7664,0
7665,1
7666,0
7667,0
7668,1
7669,1
7670,1
7671,1
7672,0
7673,0
7674,0
7675,1
7676,1
7677,0
7678,1
7679,1
7680,0
7681,0
7682,1
7683,0
7684,1
7685,0
7686,0
7687,1
7688,0
7689,0
7690,0
7691,0
7692,0
7693,0
7694,0
7695,1
7696,1
7697,0
7698,1
7699,1
7700,1
7701,0
7702,0
7703,0
7704,0
7705,1
7706,1
7707,0
7708,1
7709,0
7710,0
7711,0
7712,0
7713,0
7714,1
7715,1
7716,1
7717,1
7718,1
7719,1
7720,0
7721,1
7722,1
7723,1
7724,1
7725,1
7726,1
7727,0
7728,1
7729,1
7730,1
7731,0
7732,1
7733,0
7734,1
7735,1
7736,1
7737,1
7738,1
7739,1
7740,0
7741,0
7742,0
7743,0
7744,1
7745,1
7746,0
7747,1
7748,1
7749,0
7750,0
7751,0
7752,0
7753,0
7754,1
7755,1
7756,1
7757,0
7758,0
7759,0
7760,0
7761,1
7762,0
7763,1
7764,1
7765,1
7766,1
7767,1
7768,0
7769,1
7770,0
7771,0
7772,1
7773,0
7774,1
7775,1
7776,1
7777,0
7778,1
7779,1
7780,0
7781,1
7782,0
7783,1
7784,1
7785,0
7786,1
7787,0
7788,1
7789,0
7790,0
7791,0
7792,1
7793,1
7794,0
7795,1
7796,1
7797,1
7798,0
7799,0
7800,1
7801,1
7802,1
7803,1
7804,0
7805,0
7806,0
7807,0
7808,1
7809,0
7810,0
7811,1
7812,1
7813,0
7814,0
7815,1
7816,0
7817,0
7818,0
7819,1
7820,0
7821,1
7822,1
7823,1
7824,1
7825,0
7826,0
7827,1
7828,1
7829,0
7830,0
7831,0
7832,1
7833,1
7834,1
7835,1
7836,0
7837,0
7838,0
7839,1
7840,0
7841,0
7842,0
7843,0
7844,1
7845,1
7846,0
7847,0
7848,1
7849,1
7850,1
7851,1
7852,0
7853,0
7854,0
7855,0
7856,0
7857,1
7858,1
7859,0
7860,1
7861,1
7862,1
7863,0
7864,0
7865,0
7866,0
7867,1
7868,1
7869,1
7870,1
7871,1
7872,0
7873,1
7874,1
7875,1
7876,1
7877,0
7878,1
7879,1
7880,1
7881,1
7882,1
7883,1
7884,0
7885,0
7886,1
7887,1
7888,0
7889,1
7890,0
7891,0
7892,1
7893,0
7894,1
7895,0
7896,0
7897,0
7898,0
7899,1
7900,0
7901,1
7902,0
7903,1
7904,0
7905,1
7906,0
7907,1
7908,0
7909,1
7910,0
7911,1
7912,0
7913,1
7914,0
7915,1
7916,1
7917,0
7918,1
7919,1
7920,0
7921,1
7922,0
7923,1
7924,1
7925,1
7926,1
7927,0
7928,1
7929,0
7930,1
7931,0
7932,1
7933,0
7934,1
7935,0
7936,1
7937,0
7938,0
7939,1
7940,0
7941,1
7942,0
7943,1
7944,1
7945,1
7946,0
7947,1
7948,0
7949,0
7950,1
7951,0
7952,0
7953,1
7954,1
7955,0
7956,1
7957,1
7958,0
7959,0
7960,0
7961,0
7962,0
7963,1
7964,0
7965,1
7966,1
7967,1
7968,1
7969,0
7970,1
7971,0
7972,1
7973,0
7974,1
7975,1
7976,1
7977,1
7978,0
7979,1
7980,0
7981,0
7982,1
7983,1
7984,1
7985,0
7986,1
7987,1
7988,1
7989,1
7990,1
7991,0
7992,1
7993,0
7994,1
7995,1
7996,0
7997,0
7998,1
7999,1
8000,0
8001,1
8002,0
8003,1
8004,1
8005,1
8006,0
8007,1
8008,0
8009,1
8010,0
8011,1
8012,1
8013,0
8014,1
8015,1
8016,1
8017,0
8018,1
8019,0
8020,1
8021,0
8022,1
8023,1
8024,0
8025,1
8026,0
8027,1
8028,1
8029,1
8030,1
8031,1
8032,0
8033,0
8034,1
8035,1
8036,1
8037,1
8038,0
8039,1
8040,1
8041,1
8042,0
8043,1
8044,0
8045,0
8046,0
8047,0
8048,0
8049,1
8050,1
8051,1
8052,0
8053,1
8054,0
8055,1
8056,0
8057,1
8058,0
8059,0
8060,0
8061,1
8062,0
8063,0
8064,1
8065,1
8066,1
8067,1
8068,1
8069,0
8070,1
8071,0
8072,1
8073,1
8074,0
8075,1
8076,0
8077,0
8078,1
8079,1
8080,0
8081,1
8082,0
8083,1
8084,0
8085,0
8086,0
8087,0
8088,0
8089,0
8090,1
8091,1
8092,1
8093,0
8094,0
8095,1
8096,0
8097,1
8098,1
8099,1
8100,0
8101,0
8102,0
8103,0
8104,0
8105,0
8106,0
8107,1
8108,0
8109,1
8110,0
8111,1
8112,0
8113,1
8114,1
8115,0
8116,1
8117,1
8118,1
8119,0
8120,1
8121,0
8122,0
8123,1
8124,0
8125,0
8126,1
8127,1
8128,1
8129,0
8130,0
8131,0
8132,1
8133,0
8134,1
8135,1
8136,1
8137,0
8138,1
8139,0
8140,0
8141,0
8142,1
8143,0
8144,0
8145,1
8146,1
8147,0
8148,1
8149,1
8150,1
8151,0
8152,0
8153,0
8154,1
8155,0
8156,1
8157,0
8158,1
8159,0
8160,0
8161,1
8162,1
8163,0
8164,1
8165,0
8166,1
8167,1
8168,0
8169,0
8170,0
8171,0
8172,0
8173,1
8174,0
8175,0
8176,0
8177,1
8178,1
8179,0
8180,0
8181,0
8182,1
8183,0
8184,0
8185,0
8186,0
8187,1
8188,0
8189,0
8190,0
8191,0
8192,1
8193,1
8194,0
8195,1
8196,1
8197,1
8198,1
8199,1
8200,0
8201,1
8202,1
8203,0
8204,0
8205,0
8206,1
8207,1
8208,1
8209,0
8210,0
8211,1
8212,0
8213,0
8214,0
8215,1
8216,0
8217,1
8218,1
8219,0
8220,0
8221,0
8222,1
8223,1
8224,0
8225,1
8226,1
8227,1
8228,1
8229,1
8230,0
8231,0
8232,1
8233,0
8234,1
8235,1
8236,0
8237,0
8238,0
8239,1
8240,0
8241,1
8242,1
8243,0
8244,0
8245,0
8246,0
8247,1
8248,0
8249,0
8250,1
8251,0
8252,0
8253,1
8254,0
8255,0
8256,1
8257,0
8258,1
8259,1
8260,0
8261,1
8262,0
8263,0
8264,1
8265,1
8266,0
8267,0
8268,1
8269,0
8270,0
8271,1
8272,1
8273,0
8274,0
8275,1
8276,0
8277,1
8278,0
8279,0
8280,1
8281,0
8282,1
8283,1
8284,0
8285,1
8286,0
8287,0
8288,1
8289,0
8290,1
8291,0
8292,0
8293,0
8294,1
8295,0
8296,1
8297,0
8298,1
8299,1
8300,0
8301,1
8302,0
8303,1
8304,0
8305,1
8306,0
8307,0
8308,0
8309,1
8310,0
8311,0
8312,0
8313,1
8314,1
8315,0
8316,0
8317,0
8318,0
8319,0
8320,0
8321,1
8322,0
8323,0
8324,1
8325,0
8326,0
8327,1
8328,0
8329,1
8330,1
8331,1
8332,1
8333,1
8334,1
8335,0
8336,1
8337,1
8338,0
8339,0
8340,0
8341,1
8342,0
8343,0
8344,1
8345,1
8346,1
8347,0
8348,1
8349,1
8350,1
8351,0
8352,1
8353,1
8354,1
8355,1
8356,1
8357,0
8358,1
8359,1
8360,0
8361,1
8362,1
8363,1
8364,1
8365,0
8366,1
8367,0
8368,1
8369,0
8370,1
8371,1
8372,1
8373,0
8374,0
8375,1
8376,1
8377,0
8378,1
8379,0
8380,1
8381,0
8382,0
8383,1
8384,0
8385,1
8386,1
8387,0
8388,0
8389,0
8390,0
8391,0
8392,0
8393,1
8394,0
8395,0
8396,1
8397,1
8398,0
8399,1
8400,0
8401,1
8402,1
8403,0
8404,1
8405,1
8406,0
8407,0
8408,1
8409,1
8410,0
8411,1
8412,0
8413,1
8414,1
8415,0
8416,0
8417,1
8418,1
8419,1
8420,1
8421,1
8422,0
8423,0
8424,0
8425,0
8426,1
8427,1
8428,0
8429,1
8430,1
8431,1
8432,1
8433,0
8434,1
8435,0
8436,1
8437,0
8438,1
8439,1
8440,0
8441,1
8442,1
8443,1
8444,1
8445,0
8446,1
8447,1
8448,1
8449,1
8450,0
8451,1
8452,0
8453,1
8454,0
8455,1
8456,1
8457,1
8458,0
8459,0
8460,1
8461,1
8462,1
8463,1
8464,1
8465,1
8466,1
8467,1
8468,0
8469,0
8470,1
8471,0
8472,1
8473,1
8474,0
8475,1
8476,1
8477,1
8478,1
8479,0
8480,1
8481,1
8482,0
8483,0
8484,1
8485,1
8486,1
8487,1
8488,1
8489,1
8490,1
8491,0
8492,1
8493,0
8494,1
8495,0
8496,1
8497,1
8498,1
8499,0
8500,0
8501,0
8502,0
8503,0
8504,0
8505,1
8506,0
8507,0
8508,0
8509,1
8510,1
8511,1
8512,1
8513,1
8514,0
8515,1
8516,1
8517,0
8518,0
8519,0
8520,0
8521,0
8522,0
8523,1
8524,0
8525,1
8526,0
8527,1
8528,1
8529,1
8530,1
8531,0
8532,1
8533,0
8534,0
8535,0
8536,1
8537,1
8538,1
8539,0
8540,0
8541,1
8542,0
8543,0
8544,1
8545,1
8546,1
8547,0
8548,0
8549,0
8550,0
8551,1
8552,1
8553,1
8554,1
8555,1
8556,0
8557,0
8558,0
8559,0
8560,1
8561,1
8562,0
8563,0
8564,0
8565,1
8566,0
8567,1
8568,0
8569,0
8570,0
8571,1
8572,0
8573,1
8574,0
8575,0
8576,1
8577,0
8578,0
8579,1
8580,1
8581,1
8582,1
8583,1
8584,0
8585,0
8586,0
8587,1
8588,0
8589,0
8590,0
8591,0
8592,1
8593,0
8594,1
8595,0
8596,0
8597,0
8598,0
8599,1
8600,0
8601,1
8602,1
8603,0
8604,1
8605,0
8606,1
8607,0
8608,1
8609,1
8610,1
8611,1
8612,0
8613,1
8614,0
8615,0
8616,1
8617,1
8618,1
8619,1
8620,1
8621,1
8622,1
8623,0
8624,0
8625,1
8626,0
8627,0
8628,1
8629,0
8630,0
8631,0
8632,1
8633,1
8634,1
8635,1
8636,0
8637,1
8638,1
8639,0
8640,1
8641,0
8642,1
8643,1
8644,1
8645,1
8646,0
8647,0
8648,0
8649,0
8650,0
8651,0
8652,0
8653,1
8654,1
8655,1
8656,1
8657,1
8658,1
8659,1
8660,0
8661,0
8662,1
8663,1
8664,0
8665,0
8666,0
8667,0
8668,0
8669,0
8670,0
8671,1
8672,1
8673,1
8674,1
8675,1
8676,1
8677,1
8678,1
8679,1
8680,1
8681,0
8682,1
8683,0
8684,0
8685,0
8686,0
8687,1
8688,0
8689,1
8690,1
8691,1
8692,1
8693,0
8694,0
8695,1
8696,0
8697,0
8698,1
8699,0
8700,1
8701,1
8702,0
8703,1
8704,1
8705,1
8706,1
8707,1
8708,1
8709,1
8710,1
8711,0
8712,0
8713,1
8714,0
8715,1
8716,0
8717,1
8718,0
8719,1
8720,0
8721,0
8722,1
8723,0
8724,1
8725,0
8726,0
8727,1
8728,0
8729,1
8730,0
8731,1
8732,1
8733,1
8734,0
8735,1
8736,1
8737,1
8738,1
8739,0
8740,0
8741,0
8742,0
8743,0
8744,1
8745,1
8746,1
8747,1
8748,1
8749,0
8750,0
8751,0
8752,1
8753,1
8754,1
8755,0
8756,0
8757,1
8758,1
8759,0
8760,1
8761,1
8762,0
8763,1
8764,0
8765,0
8766,1
8767,0
8768,0
8769,1
8770,0
8771,0
8772,1
8773,0
8774,0
8775,1
8776,1
8777,0
8778,1
8779,0
8780,1
8781,1
8782,0
8783,0
8784,0
8785,0
8786,0
8787,0
8788,0
8789,0
8790,0
8791,0
8792,0
8793,0
8794,0
8795,1
8796,1
8797,0
8798,1
8799,1
8800,1
8801,0
8802,0
8803,1
8804,0
8805,1
8806,1
8807,0
8808,1
8809,1
8810,1
8811,1
8812,1
8813,0
8814,1
8815,1
8816,1
8817,1
8818,0
8819,0
8820,1
8821,1
8822,0
8823,1
8824,0
8825,0
8826,0
8827,1
8828,0
8829,0
8830,0
8831,1
8832,1
8833,0
8834,1
8835,0
8836,0
8837,1
8838,1
8839,0
8840,0
8841,0
8842,1
8843,1
8844,1
8845,0
8846,0
8847,0
8848,0
8849,1
8850,1
8851,0
8852,1
8853,0
8854,1
8855,0
8856,1
8857,1
8858,0
8859,0
8860,0
8861,0
8862,1
8863,0
8864,1
8865,0
8866,0
8867,1
8868,1
8869,0
8870,1
8871,1
8872,1
8873,0
8874,0
8875,0
8876,0
8877,0
8878,1
8879,1
8880,1
8881,0
8882,0
8883,1
8884,1
8885,0
8886,1
8887,1
8888,0
8889,1
8890,1
8891,0
8892,1
8893,1
8894,0
8895,0
8896,0
8897,1
8898,1
8899,1
8900,1
8901,1
8902,0
8903,0
8904,1
8905,1
8906,0
8907,0
8908,1
8909,0
8910,0
8911,0
8912,0
8913,0
8914,1
8915,0
8916,0
8917,0
8918,1
8919,1
8920,1
8921,0
8922,1
8923,1
8924,1
8925,1
8926,0
8927,1
8928,1
8929,1
8930,1
8931,1
8932,1
8933,0
8934,0
8935,0
8936,0
8937,0
8938,1
8939,1
8940,0
8941,0
8942,0
8943,1
8944,1
8945,0
8946,1
8947,0
8948,1
8949,1
8950,0
8951,1
8952,0
8953,0
8954,0
8955,1
8956,1
8957,0
8958,1
8959,1
8960,0
8961,0
8962,0
8963,0
8964,1
8965,1
8966,1
8967,1
8968,1
8969,1
8970,0
8971,0
8972,1
8973,0
8974,1
8975,0
8976,1
8977,1
8978,0
8979,1
8980,1
8981,0
8982,1
8983,1
8984,0
8985,1
8986,1
8987,0
8988,0
8989,1
8990,0
8991,0
8992,1
8993,0
8994,0
8995,0
8996,1
8997,0
8998,0
8999,1
9000,1
9001,1
9002,0
9003,1
9004,0
9005,0
9006,0
9007,1
9008,1
9009,1
9010,0
9011,1
9012,0
9013,0
9014,1
9015,0
9016,0
9017,0
9018,1
9019,1
9020,0
9021,1
9022,0
9023,1
9024,1
9025,0
9026,0
9027,1
9028,0
9029,1
9030,1
9031,0
9032,1
9033,1
9034,0
9035,0
9036,0
9037,1
9038,0
9039,1
9040,0
9041,0
9042,0
9043,0
9044,1
9045,1
9046,0
9047,0
9048,1
9049,0
9050,1
9051,0
9052,0
9053,1
9054,1
9055,1
9056,1
9057,1
9058,1
9059,0
9060,1
9061,1
9062,0
9063,1
9064,0
9065,0
9066,1
9067,1
9068,0
9069,0
9070,0
9071,1
9072,0
9073,0
9074,1
9075,1
9076,1
9077,1
9078,1
9079,0
9080,1
9081,1
9082,0
9083,0
9084,0
9085,1
9086,0
9087,0
9088,0
9089,0
9090,0
9091,0
9092,1
9093,1
9094,0
9095,1
9096,0
9097,1
9098,1
9099,0
9100,0
9101,1
9102,0
9103,1
9104,0
9105,1
9106,0
9107,0
9108,1
9109,0
9110,1
9111,1
9112,0
9113,0
9114,1
9115,0
9116,1
9117,1
9118,1
9119,1
9120,1
9121,0
9122,1
9123,0
9124,0
9125,0
9126,1
9127,1
9128,1
9129,0
9130,0
9131,1
9132,0
9133,1
9134,0
9135,1
9136,0
9137,1
9138,0
9139,1
9140,1
9141,1
9142,0
9143,1
9144,1
9145,1
9146,0
9147,1
9148,1
9149,0
9150,1
9151,1
9152,0
9153,0
9154,1
9155,1
9156,0
9157,1
9158,1
9159,0
9160,0
9161,1
9162,0
9163,1
9164,1
9165,0
9166,0
9167,1
9168,0
9169,0
9170,1
9171,0
9172,1
9173,0
9174,1
9175,0
9176,1
9177,1
9178,0
9179,1
9180,0
9181,1
9182,1
9183,1
9184,1
9185,1
9186,1
9187,0
9188,0
9189,1
9190,0
9191,1
9192,1
9193,1
9194,1
9195,0
9196,0
9197,0
9198,0
9199,1
9200,1
9201,1
9202,1
9203,0
9204,0
9205,1
9206,0
9207,1
9208,1
9209,0
9210,0
9211,0
9212,0
9213,1
9214,0
9215,0
9216,0
9217,1
9218,1
9219,0
9220,0
9221,1
9222,0
9223,1
9224,0
9225,1
9226,0
9227,0
9228,1
9229,1
9230,1
9231,1
9232,0
9233,0
9234,1
9235,1
9236,1
9237,0
9238,1
9239,1
9240,1
9241,1
9242,1
9243,0
9244,0
9245,0
9246,0
9247,0
9248,0
9249,1
9250,1
9251,1
9252,0
9253,1
9254,1
9255,0
9256,1
9257,0
9258,0
9259,0
9260,1
9261,0
9262,1
9263,1
9264,0
9265,1
9266,0
9267,1
9268,1
9269,0
9270,1
9271,0
9272,0
9273,1
9274,1
9275,0
9276,1
9277,0
9278,1
9279,0
9280,1
9281,1
9282,1
9283,0
9284,1
9285,1
9286,0
9287,0
9288,1
9289,1
9290,1
9291,1
9292,1
9293,1
9294,0
9295,1
9296,1
9297,1
9298,0
9299,0
9300,0
9301,0
9302,1
9303,1
9304,0
9305,1
9306,1
9307,0
9308,0
9309,1
9310,1
9311,1
9312,1
9313,0
9314,0
9315,0
9316,0
9317,0
9318,1
9319,0
9320,0
9321,0
9322,0
9323,1
9324,0
9325,0
9326,1
9327,0
9328,1
9329,0
9330,1
9331,1
9332,0
9333,1
9334,0
9335,1
9336,1
9337,1
9338,0
9339,1
9340,1
9341,0
9342,0
9343,1
9344,1
9345,1
9346,1
9347,1
9348,0
9349,0
9350,0
9351,0
9352,0
9353,0
9354,0
9355,1
9356,1
9357,0
9358,1
9359,1
9360,1
9361,0
9362,0
9363,1
9364,0
9365,0
9366,0
9367,0
9368,0
9369,0
9370,0
9371,1
9372,0
9373,1
9374,1
9375,0
9376,1
9377,1
9378,0
9379,0
9380,0
9381,0
9382,1
9383,0
9384,1
9385,0
9386,1
9387,0
9388,0
9389,1
9390,0
9391,0
9392,1
9393,1
9394,0
9395,1
9396,0
9397,0
9398,1
9399,1
9400,1
9401,1
9402,1
9403,0
9404,1
9405,1
9406,1
9407,1
9408,1
9409,0
9410,1
9411,0
9412,1
9413,1
9414,1
9415,1
9416,0
9417,1
9418,0
9419,0
9420,0
9421,1
9422,1
9423,1
9424,1
9425,1
9426,0
9427,0
9428,0
9429,1
9430,1
9431,1
9432,0
9433,0
9434,1
9435,1
9436,1
9437,1
9438,1
9439,1
9440,1
9441,0
9442,1
9443,0
9444,0
9445,0
9446,0
9447,1
9448,1
9449,0
9450,1
9451,0
9452,0
9453,1
9454,0
9455,0
9456,0
9457,1
9458,0
9459,1
9460,0
9461,1
9462,0
9463,1
9464,0
9465,1
9466,0
9467,0
9468,0
9469,0
9470,1
9471,0
9472,0
9473,1
9474,1
9475,1
9476,1
9477,1
9478,1
9479,0
9480,0
9481,1
9482,1
9483,0
9484,1
9485,1
9486,0
9487,1
9488,0
9489,0
9490,1
9491,1
9492,0
9493,0
9494,1
9495,1
9496,0
9497,1
9498,0
9499,1
9500,1
9501,1
9502,0
9503,1
9504,1
9505,1
9506,1
9507,0
9508,0
9509,0
9510,0
9511,0
9512,0
9513,0
9514,0
9515,1
9516,0
9517,1
9518,0
9519,1
9520,0
9521,0
9522,1
9523,0
9524,0
9525,0
9526,0
9527,0
9528,0
9529,0
9530,1
9531,1
9532,0
9533,0
9534,1
9535,1
9536,0
9537,0
9538,1
9539,1
9540,0
9541,1
9542,0
9543,0
9544,0
9545,0
9546,0
9547,1
9548,1
9549,0
9550,0
9551,1
9552,1
9553,0
9554,0
9555,1
9556,1
9557,1
9558,0
9559,1
9560,1
9561,1
9562,0
9563,1
9564,1
9565,1
9566,1
9567,0
9568,1
9569,1
9570,0
9571,0
9572,0
9573,0
9574,0
9575,0
9576,0
9577,1
9578,1
9579,1
9580,0
9581,1
9582,0
9583,1
9584,1
9585,1
9586,0
9587,1
9588,0
9589,1
9590,0
9591,1
9592,0
9593,1
9594,0
9595,1
9596,0
9597,0
9598,0
9599,0
9600,0
9601,1
9602,1
9603,0
9604,0
9605,1
9606,0
9607,1
9608,1
9609,0
9610,0
9611,0
9612,1
9613,0
9614,1
9615,0
9616,0
9617,1
9618,1
9619,0
9620,1
9621,1
9622,0
9623,1
9624,0
9625,0
9626,1
9627,1
9628,1
9629,1
9630,0
9631,0
9632,1
9633,1
9634,1
9635,0
9636,1
9637,1
9638,1
9639,0
9640,0
9641,1
9642,1
9643,0
9644,1
9645,0
9646,0
9647,1
9648,1
9649,1
9650,1
9651,1
9652,1
9653,0
9654,0
9655,1
9656,0
9657,0
9658,0
9659,1
9660,0
9661,1
9662,1
9663,0
9664,0
9665,0
9666,0
9667,0
9668,1
9669,0
9670,1
9671,1
9672,1
9673,1
9674,1
9675,0
9676,0
9677,0
9678,1
9679,1
9680,1
9681,1
9682,0
9683,1
9684,0
9685,0
9686,1
9687,0
9688,0
9689,1
9690,1
9691,0
9692,0
9693,1
9694,1
9695,0
9696,1
9697,0
9698,0
9699,1
9700,0
9701,1
9702,1
9703,0
9704,0
9705,1
9706,1
9707,1
9708,1
9709,1
9710,0
9711,1
9712,1
9713,1
9714,1
9715,0
9716,0
9717,0
9718,0
9719,1
9720,0
9721,0
9722,1
9723,1
9724,1
9725,0
9726,1
9727,1
9728,1
9729,0
9730,0
9731,0
9732,1
9733,0
9734,1
9735,0
9736,0
9737,1
9738,1
9739,1
9740,1
9741,0
9742,0
9743,0
9744,1
9745,0
9746,1
9747,0
9748,1
9749,0
9750,1
9751,0
9752,1
9753,1
9754,0
9755,1
9756,0
9757,1
9758,0
9759,1
9760,0
9761,1
9762,0
9763,1
9764,1
9765,0
9766,1
9767,1
9768,0
9769,0
9770,0
9771,1
9772,1
9773,1
9774,0
9775,1
9776,1
9777,1
9778,1
9779,1
9780,1
9781,1
9782,1
9783,0
9784,1
9785,1
9786,0
9787,0
9788,0
9789,0
9790,0
9791,1
9792,0
9793,1
9794,0
9795,0
9796,1
9797,0
9798,1
9799,1
9800,1
9801,0
9802,1
9803,0
9804,1
9805,0
9806,0
9807,1
9808,1
9809,0
9810,1
9811,0
9812,1
9813,1
9814,0
9815,1
9816,0
9817,0
9818,1
9819,0
9820,0
9821,1
9822,1
9823,1
9824,1
9825,0
9826,1
9827,0
9828,1
9829,1
9830,0
9831,1
9832,0
9833,1
9834,0
9835,0
9836,0
9837,1
9838,0
9839,1
9840,0
9841,0
9842,1
9843,1
9844,1
9845,0
9846,1
9847,1
9848,0
9849,0
9850,0
9851,0
9852,1
9853,0
9854,0
9855,1
9856,1
9857,0
9858,0
9859,1
9860,1
9861,1
9862,1
9863,1
9864,0
9865,0
9866,0
9867,0
9868,0
9869,0
9870,0
9871,1
9872,0
9873,1
9874,1
9875,0
9876,1
9877,0
9878,0
9879,0
9880,0
9881,1
9882,1
9883,0
9884,0
9885,1
9886,0
9887,0
9888,1
9889,0
9890,1
9891,1
9892,0
9893,1
9894,1
9895,0
9896,1
9897,1
9898,0
9899,0
9900,1
9901,0
9902,1
9903,1
9904,0
9905,0
9906,0
9907,0
9908,0
9909,1
9910,0
9911,1
9912,1
9913,0
9914,0
9915,1
9916,0
9917,0
9918,1
9919,1
9920,1
9921,1
9922,0
9923,0
9924,1
9925,1
9926,1
9927,1
9928,0
9929,1
9930,0
9931,1
9932,1
9933,1
9934,0
9935,0
9936,1
9937,1
9938,0
9939,0
9940,0
9941,1
9942,1
9943,1
9944,0
9945,1
9946,0
9947,1
9948,0
9949,1
9950,1
9951,0
9952,0
9953,0
9954,1
9955,1
9956,1
9957,1
9958,1
9959,0
9960,1
9961,1
9962,1
9963,1
9964,0
9965,1
9966,0
9967,1
9968,0
9969,1
9970,0
9971,1
9972,0
9973,1
9974,0
9975,0
9976,1
9977,1
9978,1
9979,1
9980,1
9981,1
9982,1
9983,0
9984,1
9985,0
9986,1
9987,1
9988,1
9989,0
9990,1
9991,1
9992,1
9993,0
9994,1
9995,1
9996,0
9997,1
9998,1
9999,0
